contrast,a_stem,b_stem,layer,module,cos
r16_8k,set2_stage3_r16_retrieval_8k,set2_stage3_r16_standard_8k,0,q_proj,0.1951342523097992
r16_8k,set2_stage3_r16_retrieval_8k,set2_stage3_r16_standard_8k,0,v_proj,0.12338700890541077
r16_8k,set2_stage3_r16_retrieval_8k,set2_stage3_r16_standard_8k,1,q_proj,0.09764852374792099
r16_8k,set2_stage3_r16_retrieval_8k,set2_stage3_r16_standard_8k,1,v_proj,0.0986584797501564
r16_8k,set2_stage3_r16_retrieval_8k,set2_stage3_r16_standard_8k,2,q_proj,0.08194492757320404
r16_8k,set2_stage3_r16_retrieval_8k,set2_stage3_r16_standard_8k,2,v_proj,0.11348958313465118
r16_8k,set2_stage3_r16_retrieval_8k,set2_stage3_r16_standard_8k,3,q_proj,0.057834744453430176
r16_8k,set2_stage3_r16_retrieval_8k,set2_stage3_r16_standard_8k,3,v_proj,0.07726774364709854
r16_8k,set2_stage3_r16_retrieval_8k,set2_stage3_r16_standard_8k,4,q_proj,0.05426362529397011
r16_8k,set2_stage3_r16_retrieval_8k,set2_stage3_r16_standard_8k,4,v_proj,0.11571859568357468
r16_8k,set2_stage3_r16_retrieval_8k,set2_stage3_r16_standard_8k,5,q_proj,0.053662028163671494
r16_8k,set2_stage3_r16_retrieval_8k,set2_stage3_r16_standard_8k,5,v_proj,0.11006605625152588
r16_8k,set2_stage3_r16_retrieval_8k,set2_stage3_r16_standard_8k,6,q_proj,0.06818515062332153
r16_8k,set2_stage3_r16_retrieval_8k,set2_stage3_r16_standard_8k,6,v_proj,0.10772349685430527
r16_8k,set2_stage3_r16_retrieval_8k,set2_stage3_r16_standard_8k,7,q_proj,0.05584307760000229
r16_8k,set2_stage3_r16_retrieval_8k,set2_stage3_r16_standard_8k,7,v_proj,0.08110841363668442
r16_8k,set2_stage3_r16_retrieval_8k,set2_stage3_r16_standard_8k,8,q_proj,0.054573994129896164
r16_8k,set2_stage3_r16_retrieval_8k,set2_stage3_r16_standard_8k,8,v_proj,0.0996653288602829
r16_8k,set2_stage3_r16_retrieval_8k,set2_stage3_r16_standard_8k,9,q_proj,0.038848016411066055
r16_8k,set2_stage3_r16_retrieval_8k,set2_stage3_r16_standard_8k,9,v_proj,0.08743060380220413
r16_8k,set2_stage3_r16_retrieval_8k,set2_stage3_r16_standard_8k,10,q_proj,0.048171184957027435
r16_8k,set2_stage3_r16_retrieval_8k,set2_stage3_r16_standard_8k,10,v_proj,0.08533905446529388
r16_8k,set2_stage3_r16_retrieval_8k,set2_stage3_r16_standard_8k,11,q_proj,0.02051573246717453
r16_8k,set2_stage3_r16_retrieval_8k,set2_stage3_r16_standard_8k,11,v_proj,0.07341666519641876
r16_8k,set2_stage3_r16_retrieval_8k,set2_stage3_r16_standard_8k,12,q_proj,0.08671899139881134
r16_8k,set2_stage3_r16_retrieval_8k,set2_stage3_r16_standard_8k,12,v_proj,0.12760783731937408
r16_8k,set2_stage3_r16_retrieval_8k,set2_stage3_r16_standard_8k,13,q_proj,0.03352600708603859
r16_8k,set2_stage3_r16_retrieval_8k,set2_stage3_r16_standard_8k,13,v_proj,0.1286393105983734
r16_8k,set2_stage3_r16_retrieval_8k,set2_stage3_r16_standard_8k,14,q_proj,0.0925673171877861
r16_8k,set2_stage3_r16_retrieval_8k,set2_stage3_r16_standard_8k,14,v_proj,0.1601421982049942
r16_8k,set2_stage3_r16_retrieval_8k,set2_stage3_r16_standard_8k,15,q_proj,0.0724584087729454
r16_8k,set2_stage3_r16_retrieval_8k,set2_stage3_r16_standard_8k,15,v_proj,0.1369486004114151
r16_8k,set2_stage3_r16_retrieval_8k,set2_stage3_r16_standard_8k,16,q_proj,0.06699777394533157
r16_8k,set2_stage3_r16_retrieval_8k,set2_stage3_r16_standard_8k,16,v_proj,0.14592984318733215
r16_8k,set2_stage3_r16_retrieval_8k,set2_stage3_r16_standard_8k,17,q_proj,0.1152702122926712
r16_8k,set2_stage3_r16_retrieval_8k,set2_stage3_r16_standard_8k,17,v_proj,0.17269812524318695
r16_8k,set2_stage3_r16_retrieval_8k,set2_stage3_r16_standard_8k,18,q_proj,0.09723246842622757
r16_8k,set2_stage3_r16_retrieval_8k,set2_stage3_r16_standard_8k,18,v_proj,0.14653393626213074
r16_8k,set2_stage3_r16_retrieval_8k,set2_stage3_r16_standard_8k,19,q_proj,0.12174423038959503
r16_8k,set2_stage3_r16_retrieval_8k,set2_stage3_r16_standard_8k,19,v_proj,0.2402801513671875
r16_8k,set2_stage3_r16_retrieval_8k,set2_stage3_r16_standard_8k,20,q_proj,0.11175999790430069
r16_8k,set2_stage3_r16_retrieval_8k,set2_stage3_r16_standard_8k,20,v_proj,0.20464487373828888
r16_8k,set2_stage3_r16_retrieval_8k,set2_stage3_r16_standard_8k,21,q_proj,0.10831339657306671
r16_8k,set2_stage3_r16_retrieval_8k,set2_stage3_r16_standard_8k,21,v_proj,0.2712465524673462
r16_8k,set2_stage3_r16_retrieval_8k,set2_stage3_r16_standard_8k,22,q_proj,0.11333467811346054
r16_8k,set2_stage3_r16_retrieval_8k,set2_stage3_r16_standard_8k,22,v_proj,0.19446353614330292
r16_8k,set2_stage3_r16_retrieval_8k,set2_stage3_r16_standard_8k,23,q_proj,0.13972444832324982
r16_8k,set2_stage3_r16_retrieval_8k,set2_stage3_r16_standard_8k,23,v_proj,0.2761603891849518
r16_seed1_held,set2_stage3_r16_retrieval_seed1_held,set2_stage3_r16_standard_seed1_held,0,q_proj,0.21336962282657623
r16_seed1_held,set2_stage3_r16_retrieval_seed1_held,set2_stage3_r16_standard_seed1_held,0,v_proj,0.1178310289978981
r16_seed1_held,set2_stage3_r16_retrieval_seed1_held,set2_stage3_r16_standard_seed1_held,1,q_proj,0.11210595071315765
r16_seed1_held,set2_stage3_r16_retrieval_seed1_held,set2_stage3_r16_standard_seed1_held,1,v_proj,0.129338800907135
r16_seed1_held,set2_stage3_r16_retrieval_seed1_held,set2_stage3_r16_standard_seed1_held,2,q_proj,0.08867761492729187
r16_seed1_held,set2_stage3_r16_retrieval_seed1_held,set2_stage3_r16_standard_seed1_held,2,v_proj,0.1119261384010315
r16_seed1_held,set2_stage3_r16_retrieval_seed1_held,set2_stage3_r16_standard_seed1_held,3,q_proj,0.06829318404197693
r16_seed1_held,set2_stage3_r16_retrieval_seed1_held,set2_stage3_r16_standard_seed1_held,3,v_proj,0.08336099982261658
r16_seed1_held,set2_stage3_r16_retrieval_seed1_held,set2_stage3_r16_standard_seed1_held,4,q_proj,0.07645151764154434
r16_seed1_held,set2_stage3_r16_retrieval_seed1_held,set2_stage3_r16_standard_seed1_held,4,v_proj,0.1428966522216797
r16_seed1_held,set2_stage3_r16_retrieval_seed1_held,set2_stage3_r16_standard_seed1_held,5,q_proj,0.07215771079063416
r16_seed1_held,set2_stage3_r16_retrieval_seed1_held,set2_stage3_r16_standard_seed1_held,5,v_proj,0.09759095311164856
r16_seed1_held,set2_stage3_r16_retrieval_seed1_held,set2_stage3_r16_standard_seed1_held,6,q_proj,0.10422443598508835
r16_seed1_held,set2_stage3_r16_retrieval_seed1_held,set2_stage3_r16_standard_seed1_held,6,v_proj,0.11855391412973404
r16_seed1_held,set2_stage3_r16_retrieval_seed1_held,set2_stage3_r16_standard_seed1_held,7,q_proj,0.0665244460105896
r16_seed1_held,set2_stage3_r16_retrieval_seed1_held,set2_stage3_r16_standard_seed1_held,7,v_proj,0.10888224840164185
r16_seed1_held,set2_stage3_r16_retrieval_seed1_held,set2_stage3_r16_standard_seed1_held,8,q_proj,0.06430415064096451
r16_seed1_held,set2_stage3_r16_retrieval_seed1_held,set2_stage3_r16_standard_seed1_held,8,v_proj,0.1126067042350769
r16_seed1_held,set2_stage3_r16_retrieval_seed1_held,set2_stage3_r16_standard_seed1_held,9,q_proj,0.06823315471410751
r16_seed1_held,set2_stage3_r16_retrieval_seed1_held,set2_stage3_r16_standard_seed1_held,9,v_proj,0.11885841190814972
r16_seed1_held,set2_stage3_r16_retrieval_seed1_held,set2_stage3_r16_standard_seed1_held,10,q_proj,0.09089887142181396
r16_seed1_held,set2_stage3_r16_retrieval_seed1_held,set2_stage3_r16_standard_seed1_held,10,v_proj,0.126616969704628
r16_seed1_held,set2_stage3_r16_retrieval_seed1_held,set2_stage3_r16_standard_seed1_held,11,q_proj,0.05367204546928406
r16_seed1_held,set2_stage3_r16_retrieval_seed1_held,set2_stage3_r16_standard_seed1_held,11,v_proj,0.09621585160493851
r16_seed1_held,set2_stage3_r16_retrieval_seed1_held,set2_stage3_r16_standard_seed1_held,12,q_proj,0.1121690571308136
r16_seed1_held,set2_stage3_r16_retrieval_seed1_held,set2_stage3_r16_standard_seed1_held,12,v_proj,0.16091744601726532
r16_seed1_held,set2_stage3_r16_retrieval_seed1_held,set2_stage3_r16_standard_seed1_held,13,q_proj,0.06250035762786865
r16_seed1_held,set2_stage3_r16_retrieval_seed1_held,set2_stage3_r16_standard_seed1_held,13,v_proj,0.1708189845085144
r16_seed1_held,set2_stage3_r16_retrieval_seed1_held,set2_stage3_r16_standard_seed1_held,14,q_proj,0.11589327454566956
r16_seed1_held,set2_stage3_r16_retrieval_seed1_held,set2_stage3_r16_standard_seed1_held,14,v_proj,0.19121100008487701
r16_seed1_held,set2_stage3_r16_retrieval_seed1_held,set2_stage3_r16_standard_seed1_held,15,q_proj,0.10501788556575775
r16_seed1_held,set2_stage3_r16_retrieval_seed1_held,set2_stage3_r16_standard_seed1_held,15,v_proj,0.15661895275115967
r16_seed1_held,set2_stage3_r16_retrieval_seed1_held,set2_stage3_r16_standard_seed1_held,16,q_proj,0.07469414919614792
r16_seed1_held,set2_stage3_r16_retrieval_seed1_held,set2_stage3_r16_standard_seed1_held,16,v_proj,0.1619713306427002
r16_seed1_held,set2_stage3_r16_retrieval_seed1_held,set2_stage3_r16_standard_seed1_held,17,q_proj,0.19208085536956787
r16_seed1_held,set2_stage3_r16_retrieval_seed1_held,set2_stage3_r16_standard_seed1_held,17,v_proj,0.24856321513652802
r16_seed1_held,set2_stage3_r16_retrieval_seed1_held,set2_stage3_r16_standard_seed1_held,18,q_proj,0.1508990079164505
r16_seed1_held,set2_stage3_r16_retrieval_seed1_held,set2_stage3_r16_standard_seed1_held,18,v_proj,0.15680871903896332
r16_seed1_held,set2_stage3_r16_retrieval_seed1_held,set2_stage3_r16_standard_seed1_held,19,q_proj,0.17703618109226227
r16_seed1_held,set2_stage3_r16_retrieval_seed1_held,set2_stage3_r16_standard_seed1_held,19,v_proj,0.23951852321624756
r16_seed1_held,set2_stage3_r16_retrieval_seed1_held,set2_stage3_r16_standard_seed1_held,20,q_proj,0.1566689908504486
r16_seed1_held,set2_stage3_r16_retrieval_seed1_held,set2_stage3_r16_standard_seed1_held,20,v_proj,0.24885906279087067
r16_seed1_held,set2_stage3_r16_retrieval_seed1_held,set2_stage3_r16_standard_seed1_held,21,q_proj,0.14566251635551453
r16_seed1_held,set2_stage3_r16_retrieval_seed1_held,set2_stage3_r16_standard_seed1_held,21,v_proj,0.32314759492874146
r16_seed1_held,set2_stage3_r16_retrieval_seed1_held,set2_stage3_r16_standard_seed1_held,22,q_proj,0.16211992502212524
r16_seed1_held,set2_stage3_r16_retrieval_seed1_held,set2_stage3_r16_standard_seed1_held,22,v_proj,0.31355029344558716
r16_seed1_held,set2_stage3_r16_retrieval_seed1_held,set2_stage3_r16_standard_seed1_held,23,q_proj,0.1577288657426834
r16_seed1_held,set2_stage3_r16_retrieval_seed1_held,set2_stage3_r16_standard_seed1_held,23,v_proj,0.3154474198818207
r8_seed1_held,set2_stage3_r8_retrieval_seed1_held,set2_stage3_r8_standard_seed1_held,0,q_proj,0.26528850197792053
r8_seed1_held,set2_stage3_r8_retrieval_seed1_held,set2_stage3_r8_standard_seed1_held,0,v_proj,0.1330116093158722
r8_seed1_held,set2_stage3_r8_retrieval_seed1_held,set2_stage3_r8_standard_seed1_held,1,q_proj,0.14233198761940002
r8_seed1_held,set2_stage3_r8_retrieval_seed1_held,set2_stage3_r8_standard_seed1_held,1,v_proj,0.1312101036310196
r8_seed1_held,set2_stage3_r8_retrieval_seed1_held,set2_stage3_r8_standard_seed1_held,2,q_proj,0.13864395022392273
r8_seed1_held,set2_stage3_r8_retrieval_seed1_held,set2_stage3_r8_standard_seed1_held,2,v_proj,0.12320010364055634
r8_seed1_held,set2_stage3_r8_retrieval_seed1_held,set2_stage3_r8_standard_seed1_held,3,q_proj,0.11542932689189911
r8_seed1_held,set2_stage3_r8_retrieval_seed1_held,set2_stage3_r8_standard_seed1_held,3,v_proj,0.13577020168304443
r8_seed1_held,set2_stage3_r8_retrieval_seed1_held,set2_stage3_r8_standard_seed1_held,4,q_proj,0.10055867582559586
r8_seed1_held,set2_stage3_r8_retrieval_seed1_held,set2_stage3_r8_standard_seed1_held,4,v_proj,0.16705825924873352
r8_seed1_held,set2_stage3_r8_retrieval_seed1_held,set2_stage3_r8_standard_seed1_held,5,q_proj,0.11430666595697403
r8_seed1_held,set2_stage3_r8_retrieval_seed1_held,set2_stage3_r8_standard_seed1_held,5,v_proj,0.17139847576618195
r8_seed1_held,set2_stage3_r8_retrieval_seed1_held,set2_stage3_r8_standard_seed1_held,6,q_proj,0.14809633791446686
r8_seed1_held,set2_stage3_r8_retrieval_seed1_held,set2_stage3_r8_standard_seed1_held,6,v_proj,0.18297047913074493
r8_seed1_held,set2_stage3_r8_retrieval_seed1_held,set2_stage3_r8_standard_seed1_held,7,q_proj,0.10657249391078949
r8_seed1_held,set2_stage3_r8_retrieval_seed1_held,set2_stage3_r8_standard_seed1_held,7,v_proj,0.1361498087644577
r8_seed1_held,set2_stage3_r8_retrieval_seed1_held,set2_stage3_r8_standard_seed1_held,8,q_proj,0.06734876334667206
r8_seed1_held,set2_stage3_r8_retrieval_seed1_held,set2_stage3_r8_standard_seed1_held,8,v_proj,0.1534922868013382
r8_seed1_held,set2_stage3_r8_retrieval_seed1_held,set2_stage3_r8_standard_seed1_held,9,q_proj,0.06005152314901352
r8_seed1_held,set2_stage3_r8_retrieval_seed1_held,set2_stage3_r8_standard_seed1_held,9,v_proj,0.14096486568450928
r8_seed1_held,set2_stage3_r8_retrieval_seed1_held,set2_stage3_r8_standard_seed1_held,10,q_proj,0.11839709430932999
r8_seed1_held,set2_stage3_r8_retrieval_seed1_held,set2_stage3_r8_standard_seed1_held,10,v_proj,0.15076977014541626
r8_seed1_held,set2_stage3_r8_retrieval_seed1_held,set2_stage3_r8_standard_seed1_held,11,q_proj,0.073414646089077
r8_seed1_held,set2_stage3_r8_retrieval_seed1_held,set2_stage3_r8_standard_seed1_held,11,v_proj,0.08156749606132507
r8_seed1_held,set2_stage3_r8_retrieval_seed1_held,set2_stage3_r8_standard_seed1_held,12,q_proj,0.17077675461769104
r8_seed1_held,set2_stage3_r8_retrieval_seed1_held,set2_stage3_r8_standard_seed1_held,12,v_proj,0.13701695203781128
r8_seed1_held,set2_stage3_r8_retrieval_seed1_held,set2_stage3_r8_standard_seed1_held,13,q_proj,0.09296370297670364
r8_seed1_held,set2_stage3_r8_retrieval_seed1_held,set2_stage3_r8_standard_seed1_held,13,v_proj,0.23010733723640442
r8_seed1_held,set2_stage3_r8_retrieval_seed1_held,set2_stage3_r8_standard_seed1_held,14,q_proj,0.16401417553424835
r8_seed1_held,set2_stage3_r8_retrieval_seed1_held,set2_stage3_r8_standard_seed1_held,14,v_proj,0.19837209582328796
r8_seed1_held,set2_stage3_r8_retrieval_seed1_held,set2_stage3_r8_standard_seed1_held,15,q_proj,0.15496347844600677
r8_seed1_held,set2_stage3_r8_retrieval_seed1_held,set2_stage3_r8_standard_seed1_held,15,v_proj,0.20512564480304718
r8_seed1_held,set2_stage3_r8_retrieval_seed1_held,set2_stage3_r8_standard_seed1_held,16,q_proj,0.10398358106613159
r8_seed1_held,set2_stage3_r8_retrieval_seed1_held,set2_stage3_r8_standard_seed1_held,16,v_proj,0.17483080923557281
r8_seed1_held,set2_stage3_r8_retrieval_seed1_held,set2_stage3_r8_standard_seed1_held,17,q_proj,0.23454591631889343
r8_seed1_held,set2_stage3_r8_retrieval_seed1_held,set2_stage3_r8_standard_seed1_held,17,v_proj,0.26896288990974426
r8_seed1_held,set2_stage3_r8_retrieval_seed1_held,set2_stage3_r8_standard_seed1_held,18,q_proj,0.16982343792915344
r8_seed1_held,set2_stage3_r8_retrieval_seed1_held,set2_stage3_r8_standard_seed1_held,18,v_proj,0.23879507184028625
r8_seed1_held,set2_stage3_r8_retrieval_seed1_held,set2_stage3_r8_standard_seed1_held,19,q_proj,0.1429196000099182
r8_seed1_held,set2_stage3_r8_retrieval_seed1_held,set2_stage3_r8_standard_seed1_held,19,v_proj,0.29954469203948975
r8_seed1_held,set2_stage3_r8_retrieval_seed1_held,set2_stage3_r8_standard_seed1_held,20,q_proj,0.16777969896793365
r8_seed1_held,set2_stage3_r8_retrieval_seed1_held,set2_stage3_r8_standard_seed1_held,20,v_proj,0.2121000438928604
r8_seed1_held,set2_stage3_r8_retrieval_seed1_held,set2_stage3_r8_standard_seed1_held,21,q_proj,0.18602709472179413
r8_seed1_held,set2_stage3_r8_retrieval_seed1_held,set2_stage3_r8_standard_seed1_held,21,v_proj,0.43015575408935547
r8_seed1_held,set2_stage3_r8_retrieval_seed1_held,set2_stage3_r8_standard_seed1_held,22,q_proj,0.18496234714984894
r8_seed1_held,set2_stage3_r8_retrieval_seed1_held,set2_stage3_r8_standard_seed1_held,22,v_proj,0.3470155596733093
r8_seed1_held,set2_stage3_r8_retrieval_seed1_held,set2_stage3_r8_standard_seed1_held,23,q_proj,0.1915302574634552
r8_seed1_held,set2_stage3_r8_retrieval_seed1_held,set2_stage3_r8_standard_seed1_held,23,v_proj,0.3056682050228119
r8_seed2,set2_stage3_r8_retrieval_seed2,set2_stage3_r8_standard_seed2,0,q_proj,0.23050366342067719
r8_seed2,set2_stage3_r8_retrieval_seed2,set2_stage3_r8_standard_seed2,0,v_proj,0.1632496863603592
r8_seed2,set2_stage3_r8_retrieval_seed2,set2_stage3_r8_standard_seed2,1,q_proj,0.1632997840642929
r8_seed2,set2_stage3_r8_retrieval_seed2,set2_stage3_r8_standard_seed2,1,v_proj,0.12646658718585968
r8_seed2,set2_stage3_r8_retrieval_seed2,set2_stage3_r8_standard_seed2,2,q_proj,0.1449401080608368
r8_seed2,set2_stage3_r8_retrieval_seed2,set2_stage3_r8_standard_seed2,2,v_proj,0.10750073194503784
r8_seed2,set2_stage3_r8_retrieval_seed2,set2_stage3_r8_standard_seed2,3,q_proj,0.09941120445728302
r8_seed2,set2_stage3_r8_retrieval_seed2,set2_stage3_r8_standard_seed2,3,v_proj,0.09503300487995148
r8_seed2,set2_stage3_r8_retrieval_seed2,set2_stage3_r8_standard_seed2,4,q_proj,0.09317729622125626
r8_seed2,set2_stage3_r8_retrieval_seed2,set2_stage3_r8_standard_seed2,4,v_proj,0.17417633533477783
r8_seed2,set2_stage3_r8_retrieval_seed2,set2_stage3_r8_standard_seed2,5,q_proj,0.08680637180805206
r8_seed2,set2_stage3_r8_retrieval_seed2,set2_stage3_r8_standard_seed2,5,v_proj,0.1370307058095932
r8_seed2,set2_stage3_r8_retrieval_seed2,set2_stage3_r8_standard_seed2,6,q_proj,0.0917043462395668
r8_seed2,set2_stage3_r8_retrieval_seed2,set2_stage3_r8_standard_seed2,6,v_proj,0.13500557839870453
r8_seed2,set2_stage3_r8_retrieval_seed2,set2_stage3_r8_standard_seed2,7,q_proj,0.07757698744535446
r8_seed2,set2_stage3_r8_retrieval_seed2,set2_stage3_r8_standard_seed2,7,v_proj,0.15559987723827362
r8_seed2,set2_stage3_r8_retrieval_seed2,set2_stage3_r8_standard_seed2,8,q_proj,0.053572870790958405
r8_seed2,set2_stage3_r8_retrieval_seed2,set2_stage3_r8_standard_seed2,8,v_proj,0.14561676979064941
r8_seed2,set2_stage3_r8_retrieval_seed2,set2_stage3_r8_standard_seed2,9,q_proj,0.07258659601211548
r8_seed2,set2_stage3_r8_retrieval_seed2,set2_stage3_r8_standard_seed2,9,v_proj,0.16698205471038818
r8_seed2,set2_stage3_r8_retrieval_seed2,set2_stage3_r8_standard_seed2,10,q_proj,0.09909413009881973
r8_seed2,set2_stage3_r8_retrieval_seed2,set2_stage3_r8_standard_seed2,10,v_proj,0.12437283992767334
r8_seed2,set2_stage3_r8_retrieval_seed2,set2_stage3_r8_standard_seed2,11,q_proj,0.05880601331591606
r8_seed2,set2_stage3_r8_retrieval_seed2,set2_stage3_r8_standard_seed2,11,v_proj,0.13860586285591125
r8_seed2,set2_stage3_r8_retrieval_seed2,set2_stage3_r8_standard_seed2,12,q_proj,0.15506130456924438
r8_seed2,set2_stage3_r8_retrieval_seed2,set2_stage3_r8_standard_seed2,12,v_proj,0.13761748373508453
r8_seed2,set2_stage3_r8_retrieval_seed2,set2_stage3_r8_standard_seed2,13,q_proj,0.08539963513612747
r8_seed2,set2_stage3_r8_retrieval_seed2,set2_stage3_r8_standard_seed2,13,v_proj,0.22677616775035858
r8_seed2,set2_stage3_r8_retrieval_seed2,set2_stage3_r8_standard_seed2,14,q_proj,0.15748807787895203
r8_seed2,set2_stage3_r8_retrieval_seed2,set2_stage3_r8_standard_seed2,14,v_proj,0.21198099851608276
r8_seed2,set2_stage3_r8_retrieval_seed2,set2_stage3_r8_standard_seed2,15,q_proj,0.0911358967423439
r8_seed2,set2_stage3_r8_retrieval_seed2,set2_stage3_r8_standard_seed2,15,v_proj,0.23490947484970093
r8_seed2,set2_stage3_r8_retrieval_seed2,set2_stage3_r8_standard_seed2,16,q_proj,0.08626590669155121
r8_seed2,set2_stage3_r8_retrieval_seed2,set2_stage3_r8_standard_seed2,16,v_proj,0.17340053617954254
r8_seed2,set2_stage3_r8_retrieval_seed2,set2_stage3_r8_standard_seed2,17,q_proj,0.21761783957481384
r8_seed2,set2_stage3_r8_retrieval_seed2,set2_stage3_r8_standard_seed2,17,v_proj,0.31743383407592773
r8_seed2,set2_stage3_r8_retrieval_seed2,set2_stage3_r8_standard_seed2,18,q_proj,0.14516429603099823
r8_seed2,set2_stage3_r8_retrieval_seed2,set2_stage3_r8_standard_seed2,18,v_proj,0.21117226779460907
r8_seed2,set2_stage3_r8_retrieval_seed2,set2_stage3_r8_standard_seed2,19,q_proj,0.18590867519378662
r8_seed2,set2_stage3_r8_retrieval_seed2,set2_stage3_r8_standard_seed2,19,v_proj,0.24174848198890686
r8_seed2,set2_stage3_r8_retrieval_seed2,set2_stage3_r8_standard_seed2,20,q_proj,0.17422884702682495
r8_seed2,set2_stage3_r8_retrieval_seed2,set2_stage3_r8_standard_seed2,20,v_proj,0.3145771622657776
r8_seed2,set2_stage3_r8_retrieval_seed2,set2_stage3_r8_standard_seed2,21,q_proj,0.15217137336730957
r8_seed2,set2_stage3_r8_retrieval_seed2,set2_stage3_r8_standard_seed2,21,v_proj,0.36616092920303345
r8_seed2,set2_stage3_r8_retrieval_seed2,set2_stage3_r8_standard_seed2,22,q_proj,0.1584692895412445
r8_seed2,set2_stage3_r8_retrieval_seed2,set2_stage3_r8_standard_seed2,22,v_proj,0.4013127386569977
r8_seed2,set2_stage3_r8_retrieval_seed2,set2_stage3_r8_standard_seed2,23,q_proj,0.2325005978345871
r8_seed2,set2_stage3_r8_retrieval_seed2,set2_stage3_r8_standard_seed2,23,v_proj,0.3738093376159668
r32,set2_stage3_r32_retrieval,set2_stage3_r32_standard,0,q_proj,0.19157154858112335
r32,set2_stage3_r32_retrieval,set2_stage3_r32_standard,0,v_proj,0.11943232268095016
r32,set2_stage3_r32_retrieval,set2_stage3_r32_standard,1,q_proj,0.10534263402223587
r32,set2_stage3_r32_retrieval,set2_stage3_r32_standard,1,v_proj,0.11413688957691193
r32,set2_stage3_r32_retrieval,set2_stage3_r32_standard,2,q_proj,0.07048697024583817
r32,set2_stage3_r32_retrieval,set2_stage3_r32_standard,2,v_proj,0.12090738862752914
r32,set2_stage3_r32_retrieval,set2_stage3_r32_standard,3,q_proj,0.046588268131017685
r32,set2_stage3_r32_retrieval,set2_stage3_r32_standard,3,v_proj,0.10226549953222275
r32,set2_stage3_r32_retrieval,set2_stage3_r32_standard,4,q_proj,0.06435596197843552
r32,set2_stage3_r32_retrieval,set2_stage3_r32_standard,4,v_proj,0.12029097229242325
r32,set2_stage3_r32_retrieval,set2_stage3_r32_standard,5,q_proj,0.07921022176742554
r32,set2_stage3_r32_retrieval,set2_stage3_r32_standard,5,v_proj,0.12199229747056961
r32,set2_stage3_r32_retrieval,set2_stage3_r32_standard,6,q_proj,0.07913118600845337
r32,set2_stage3_r32_retrieval,set2_stage3_r32_standard,6,v_proj,0.10068006813526154
r32,set2_stage3_r32_retrieval,set2_stage3_r32_standard,7,q_proj,0.05922556295990944
r32,set2_stage3_r32_retrieval,set2_stage3_r32_standard,7,v_proj,0.0993981584906578
r32,set2_stage3_r32_retrieval,set2_stage3_r32_standard,8,q_proj,0.05839522182941437
r32,set2_stage3_r32_retrieval,set2_stage3_r32_standard,8,v_proj,0.10023573786020279
r32,set2_stage3_r32_retrieval,set2_stage3_r32_standard,9,q_proj,0.03891924023628235
r32,set2_stage3_r32_retrieval,set2_stage3_r32_standard,9,v_proj,0.11413533240556717
r32,set2_stage3_r32_retrieval,set2_stage3_r32_standard,10,q_proj,0.061971910297870636
r32,set2_stage3_r32_retrieval,set2_stage3_r32_standard,10,v_proj,0.10813165456056595
r32,set2_stage3_r32_retrieval,set2_stage3_r32_standard,11,q_proj,0.03756437823176384
r32,set2_stage3_r32_retrieval,set2_stage3_r32_standard,11,v_proj,0.09749971330165863
r32,set2_stage3_r32_retrieval,set2_stage3_r32_standard,12,q_proj,0.11379416286945343
r32,set2_stage3_r32_retrieval,set2_stage3_r32_standard,12,v_proj,0.15753689408302307
r32,set2_stage3_r32_retrieval,set2_stage3_r32_standard,13,q_proj,0.04291205853223801
r32,set2_stage3_r32_retrieval,set2_stage3_r32_standard,13,v_proj,0.13591161370277405
r32,set2_stage3_r32_retrieval,set2_stage3_r32_standard,14,q_proj,0.09053894132375717
r32,set2_stage3_r32_retrieval,set2_stage3_r32_standard,14,v_proj,0.17101767659187317
r32,set2_stage3_r32_retrieval,set2_stage3_r32_standard,15,q_proj,0.08544270694255829
r32,set2_stage3_r32_retrieval,set2_stage3_r32_standard,15,v_proj,0.15208040177822113
r32,set2_stage3_r32_retrieval,set2_stage3_r32_standard,16,q_proj,0.06683697551488876
r32,set2_stage3_r32_retrieval,set2_stage3_r32_standard,16,v_proj,0.1680690050125122
r32,set2_stage3_r32_retrieval,set2_stage3_r32_standard,17,q_proj,0.1476570963859558
r32,set2_stage3_r32_retrieval,set2_stage3_r32_standard,17,v_proj,0.23102174699306488
r32,set2_stage3_r32_retrieval,set2_stage3_r32_standard,18,q_proj,0.11328651010990143
r32,set2_stage3_r32_retrieval,set2_stage3_r32_standard,18,v_proj,0.1804690808057785
r32,set2_stage3_r32_retrieval,set2_stage3_r32_standard,19,q_proj,0.14541390538215637
r32,set2_stage3_r32_retrieval,set2_stage3_r32_standard,19,v_proj,0.25123855471611023
r32,set2_stage3_r32_retrieval,set2_stage3_r32_standard,20,q_proj,0.12470030784606934
r32,set2_stage3_r32_retrieval,set2_stage3_r32_standard,20,v_proj,0.23951654136180878
r32,set2_stage3_r32_retrieval,set2_stage3_r32_standard,21,q_proj,0.15136408805847168
r32,set2_stage3_r32_retrieval,set2_stage3_r32_standard,21,v_proj,0.31676945090293884
r32,set2_stage3_r32_retrieval,set2_stage3_r32_standard,22,q_proj,0.1494584083557129
r32,set2_stage3_r32_retrieval,set2_stage3_r32_standard,22,v_proj,0.23874521255493164
r32,set2_stage3_r32_retrieval,set2_stage3_r32_standard,23,q_proj,0.15968964993953705
r32,set2_stage3_r32_retrieval,set2_stage3_r32_standard,23,v_proj,0.32901158928871155
r8_random,set2_stage3_r8_retrieval_random,set2_stage3_r8_standard_random,0,q_proj,0.2277497947216034
r8_random,set2_stage3_r8_retrieval_random,set2_stage3_r8_standard_random,0,v_proj,0.15045243501663208
r8_random,set2_stage3_r8_retrieval_random,set2_stage3_r8_standard_random,1,q_proj,0.14402373135089874
r8_random,set2_stage3_r8_retrieval_random,set2_stage3_r8_standard_random,1,v_proj,0.12564106285572052
r8_random,set2_stage3_r8_retrieval_random,set2_stage3_r8_standard_random,2,q_proj,0.11602668464183807
r8_random,set2_stage3_r8_retrieval_random,set2_stage3_r8_standard_random,2,v_proj,0.15593115985393524
r8_random,set2_stage3_r8_retrieval_random,set2_stage3_r8_standard_random,3,q_proj,0.08565674722194672
r8_random,set2_stage3_r8_retrieval_random,set2_stage3_r8_standard_random,3,v_proj,0.10373882949352264
r8_random,set2_stage3_r8_retrieval_random,set2_stage3_r8_standard_random,4,q_proj,0.08850516378879547
r8_random,set2_stage3_r8_retrieval_random,set2_stage3_r8_standard_random,4,v_proj,0.2200830727815628
r8_random,set2_stage3_r8_retrieval_random,set2_stage3_r8_standard_random,5,q_proj,0.12324662506580353
r8_random,set2_stage3_r8_retrieval_random,set2_stage3_r8_standard_random,5,v_proj,0.18066175282001495
r8_random,set2_stage3_r8_retrieval_random,set2_stage3_r8_standard_random,6,q_proj,0.15337850153446198
r8_random,set2_stage3_r8_retrieval_random,set2_stage3_r8_standard_random,6,v_proj,0.18946070969104767
r8_random,set2_stage3_r8_retrieval_random,set2_stage3_r8_standard_random,7,q_proj,0.10637003928422928
r8_random,set2_stage3_r8_retrieval_random,set2_stage3_r8_standard_random,7,v_proj,0.16181962192058563
r8_random,set2_stage3_r8_retrieval_random,set2_stage3_r8_standard_random,8,q_proj,0.06894323229789734
r8_random,set2_stage3_r8_retrieval_random,set2_stage3_r8_standard_random,8,v_proj,0.13649706542491913
r8_random,set2_stage3_r8_retrieval_random,set2_stage3_r8_standard_random,9,q_proj,0.0587318129837513
r8_random,set2_stage3_r8_retrieval_random,set2_stage3_r8_standard_random,9,v_proj,0.13317295908927917
r8_random,set2_stage3_r8_retrieval_random,set2_stage3_r8_standard_random,10,q_proj,0.1360950917005539
r8_random,set2_stage3_r8_retrieval_random,set2_stage3_r8_standard_random,10,v_proj,0.10581083595752716
r8_random,set2_stage3_r8_retrieval_random,set2_stage3_r8_standard_random,11,q_proj,0.057937491685152054
r8_random,set2_stage3_r8_retrieval_random,set2_stage3_r8_standard_random,11,v_proj,0.13246917724609375
r8_random,set2_stage3_r8_retrieval_random,set2_stage3_r8_standard_random,12,q_proj,0.16662855446338654
r8_random,set2_stage3_r8_retrieval_random,set2_stage3_r8_standard_random,12,v_proj,0.21852988004684448
r8_random,set2_stage3_r8_retrieval_random,set2_stage3_r8_standard_random,13,q_proj,0.09223490953445435
r8_random,set2_stage3_r8_retrieval_random,set2_stage3_r8_standard_random,13,v_proj,0.19044376909732819
r8_random,set2_stage3_r8_retrieval_random,set2_stage3_r8_standard_random,14,q_proj,0.15954510867595673
r8_random,set2_stage3_r8_retrieval_random,set2_stage3_r8_standard_random,14,v_proj,0.2103671133518219
r8_random,set2_stage3_r8_retrieval_random,set2_stage3_r8_standard_random,15,q_proj,0.13911382853984833
r8_random,set2_stage3_r8_retrieval_random,set2_stage3_r8_standard_random,15,v_proj,0.2066541463136673
r8_random,set2_stage3_r8_retrieval_random,set2_stage3_r8_standard_random,16,q_proj,0.1218283623456955
r8_random,set2_stage3_r8_retrieval_random,set2_stage3_r8_standard_random,16,v_proj,0.2194279134273529
r8_random,set2_stage3_r8_retrieval_random,set2_stage3_r8_standard_random,17,q_proj,0.216244637966156
r8_random,set2_stage3_r8_retrieval_random,set2_stage3_r8_standard_random,17,v_proj,0.28520599007606506
r8_random,set2_stage3_r8_retrieval_random,set2_stage3_r8_standard_random,18,q_proj,0.15028861165046692
r8_random,set2_stage3_r8_retrieval_random,set2_stage3_r8_standard_random,18,v_proj,0.22514210641384125
r8_random,set2_stage3_r8_retrieval_random,set2_stage3_r8_standard_random,19,q_proj,0.2117963582277298
r8_random,set2_stage3_r8_retrieval_random,set2_stage3_r8_standard_random,19,v_proj,0.3073810935020447
r8_random,set2_stage3_r8_retrieval_random,set2_stage3_r8_standard_random,20,q_proj,0.19333317875862122
r8_random,set2_stage3_r8_retrieval_random,set2_stage3_r8_standard_random,20,v_proj,0.28486451506614685
r8_random,set2_stage3_r8_retrieval_random,set2_stage3_r8_standard_random,21,q_proj,0.20104867219924927
r8_random,set2_stage3_r8_retrieval_random,set2_stage3_r8_standard_random,21,v_proj,0.44514819979667664
r8_random,set2_stage3_r8_retrieval_random,set2_stage3_r8_standard_random,22,q_proj,0.14764215052127838
r8_random,set2_stage3_r8_retrieval_random,set2_stage3_r8_standard_random,22,v_proj,0.3622295558452606
r8_random,set2_stage3_r8_retrieval_random,set2_stage3_r8_standard_random,23,q_proj,0.20250438153743744
r8_random,set2_stage3_r8_retrieval_random,set2_stage3_r8_standard_random,23,v_proj,0.3417398929595947
r8_mastered,set2_stage3_r8_retrieval_seed1_held,set2_stage3_r8_standard_mastered,0,q_proj,0.28585976362228394
r8_mastered,set2_stage3_r8_retrieval_seed1_held,set2_stage3_r8_standard_mastered,0,v_proj,0.12652070820331573
r8_mastered,set2_stage3_r8_retrieval_seed1_held,set2_stage3_r8_standard_mastered,1,q_proj,0.1378907859325409
r8_mastered,set2_stage3_r8_retrieval_seed1_held,set2_stage3_r8_standard_mastered,1,v_proj,0.15061604976654053
r8_mastered,set2_stage3_r8_retrieval_seed1_held,set2_stage3_r8_standard_mastered,2,q_proj,0.11304283142089844
r8_mastered,set2_stage3_r8_retrieval_seed1_held,set2_stage3_r8_standard_mastered,2,v_proj,0.1374688744544983
r8_mastered,set2_stage3_r8_retrieval_seed1_held,set2_stage3_r8_standard_mastered,3,q_proj,0.12206759303808212
r8_mastered,set2_stage3_r8_retrieval_seed1_held,set2_stage3_r8_standard_mastered,3,v_proj,0.13234274089336395
r8_mastered,set2_stage3_r8_retrieval_seed1_held,set2_stage3_r8_standard_mastered,4,q_proj,0.07705318182706833
r8_mastered,set2_stage3_r8_retrieval_seed1_held,set2_stage3_r8_standard_mastered,4,v_proj,0.1782580018043518
r8_mastered,set2_stage3_r8_retrieval_seed1_held,set2_stage3_r8_standard_mastered,5,q_proj,0.07410074025392532
r8_mastered,set2_stage3_r8_retrieval_seed1_held,set2_stage3_r8_standard_mastered,5,v_proj,0.14812879264354706
r8_mastered,set2_stage3_r8_retrieval_seed1_held,set2_stage3_r8_standard_mastered,6,q_proj,0.155039444565773
r8_mastered,set2_stage3_r8_retrieval_seed1_held,set2_stage3_r8_standard_mastered,6,v_proj,0.17982733249664307
r8_mastered,set2_stage3_r8_retrieval_seed1_held,set2_stage3_r8_standard_mastered,7,q_proj,0.10150060057640076
r8_mastered,set2_stage3_r8_retrieval_seed1_held,set2_stage3_r8_standard_mastered,7,v_proj,0.11559981107711792
r8_mastered,set2_stage3_r8_retrieval_seed1_held,set2_stage3_r8_standard_mastered,8,q_proj,0.07744655013084412
r8_mastered,set2_stage3_r8_retrieval_seed1_held,set2_stage3_r8_standard_mastered,8,v_proj,0.1754099279642105
r8_mastered,set2_stage3_r8_retrieval_seed1_held,set2_stage3_r8_standard_mastered,9,q_proj,0.06949462741613388
r8_mastered,set2_stage3_r8_retrieval_seed1_held,set2_stage3_r8_standard_mastered,9,v_proj,0.15238884091377258
r8_mastered,set2_stage3_r8_retrieval_seed1_held,set2_stage3_r8_standard_mastered,10,q_proj,0.07763901352882385
r8_mastered,set2_stage3_r8_retrieval_seed1_held,set2_stage3_r8_standard_mastered,10,v_proj,0.1558634489774704
r8_mastered,set2_stage3_r8_retrieval_seed1_held,set2_stage3_r8_standard_mastered,11,q_proj,0.06638874858617783
r8_mastered,set2_stage3_r8_retrieval_seed1_held,set2_stage3_r8_standard_mastered,11,v_proj,0.07642702758312225
r8_mastered,set2_stage3_r8_retrieval_seed1_held,set2_stage3_r8_standard_mastered,12,q_proj,0.16003718972206116
r8_mastered,set2_stage3_r8_retrieval_seed1_held,set2_stage3_r8_standard_mastered,12,v_proj,0.19639542698860168
r8_mastered,set2_stage3_r8_retrieval_seed1_held,set2_stage3_r8_standard_mastered,13,q_proj,0.06314267218112946
r8_mastered,set2_stage3_r8_retrieval_seed1_held,set2_stage3_r8_standard_mastered,13,v_proj,0.2018921673297882
r8_mastered,set2_stage3_r8_retrieval_seed1_held,set2_stage3_r8_standard_mastered,14,q_proj,0.14836084842681885
r8_mastered,set2_stage3_r8_retrieval_seed1_held,set2_stage3_r8_standard_mastered,14,v_proj,0.1591903567314148
r8_mastered,set2_stage3_r8_retrieval_seed1_held,set2_stage3_r8_standard_mastered,15,q_proj,0.12992432713508606
r8_mastered,set2_stage3_r8_retrieval_seed1_held,set2_stage3_r8_standard_mastered,15,v_proj,0.21219410002231598
r8_mastered,set2_stage3_r8_retrieval_seed1_held,set2_stage3_r8_standard_mastered,16,q_proj,0.09395933896303177
r8_mastered,set2_stage3_r8_retrieval_seed1_held,set2_stage3_r8_standard_mastered,16,v_proj,0.15109305083751678
r8_mastered,set2_stage3_r8_retrieval_seed1_held,set2_stage3_r8_standard_mastered,17,q_proj,0.24786876142024994
r8_mastered,set2_stage3_r8_retrieval_seed1_held,set2_stage3_r8_standard_mastered,17,v_proj,0.28982484340667725
r8_mastered,set2_stage3_r8_retrieval_seed1_held,set2_stage3_r8_standard_mastered,18,q_proj,0.15914638340473175
r8_mastered,set2_stage3_r8_retrieval_seed1_held,set2_stage3_r8_standard_mastered,18,v_proj,0.20971234142780304
r8_mastered,set2_stage3_r8_retrieval_seed1_held,set2_stage3_r8_standard_mastered,19,q_proj,0.15489880740642548
r8_mastered,set2_stage3_r8_retrieval_seed1_held,set2_stage3_r8_standard_mastered,19,v_proj,0.2996768653392792
r8_mastered,set2_stage3_r8_retrieval_seed1_held,set2_stage3_r8_standard_mastered,20,q_proj,0.16790778934955597
r8_mastered,set2_stage3_r8_retrieval_seed1_held,set2_stage3_r8_standard_mastered,20,v_proj,0.24714608490467072
r8_mastered,set2_stage3_r8_retrieval_seed1_held,set2_stage3_r8_standard_mastered,21,q_proj,0.13375186920166016
r8_mastered,set2_stage3_r8_retrieval_seed1_held,set2_stage3_r8_standard_mastered,21,v_proj,0.3830510973930359
r8_mastered,set2_stage3_r8_retrieval_seed1_held,set2_stage3_r8_standard_mastered,22,q_proj,0.1775442361831665
r8_mastered,set2_stage3_r8_retrieval_seed1_held,set2_stage3_r8_standard_mastered,22,v_proj,0.37835660576820374
r8_mastered,set2_stage3_r8_retrieval_seed1_held,set2_stage3_r8_standard_mastered,23,q_proj,0.15669597685337067
r8_mastered,set2_stage3_r8_retrieval_seed1_held,set2_stage3_r8_standard_mastered,23,v_proj,0.355928510427475
Q1_easy,set1_quartile_1_easy_retrievalpractice,set1_quartile_1_easy_standardft,0,q_proj,0.1567080020904541
Q1_easy,set1_quartile_1_easy_retrievalpractice,set1_quartile_1_easy_standardft,0,v_proj,0.08862266689538956
Q1_easy,set1_quartile_1_easy_retrievalpractice,set1_quartile_1_easy_standardft,1,q_proj,0.08947521448135376
Q1_easy,set1_quartile_1_easy_retrievalpractice,set1_quartile_1_easy_standardft,1,v_proj,0.08702386915683746
Q1_easy,set1_quartile_1_easy_retrievalpractice,set1_quartile_1_easy_standardft,2,q_proj,0.08088607341051102
Q1_easy,set1_quartile_1_easy_retrievalpractice,set1_quartile_1_easy_standardft,2,v_proj,0.08918946981430054
Q1_easy,set1_quartile_1_easy_retrievalpractice,set1_quartile_1_easy_standardft,3,q_proj,0.04475325345993042
Q1_easy,set1_quartile_1_easy_retrievalpractice,set1_quartile_1_easy_standardft,3,v_proj,0.07671979814767838
Q1_easy,set1_quartile_1_easy_retrievalpractice,set1_quartile_1_easy_standardft,4,q_proj,0.04752911254763603
Q1_easy,set1_quartile_1_easy_retrievalpractice,set1_quartile_1_easy_standardft,4,v_proj,0.08549142628908157
Q1_easy,set1_quartile_1_easy_retrievalpractice,set1_quartile_1_easy_standardft,5,q_proj,0.04587530344724655
Q1_easy,set1_quartile_1_easy_retrievalpractice,set1_quartile_1_easy_standardft,5,v_proj,0.07423200458288193
Q1_easy,set1_quartile_1_easy_retrievalpractice,set1_quartile_1_easy_standardft,6,q_proj,0.06127940118312836
Q1_easy,set1_quartile_1_easy_retrievalpractice,set1_quartile_1_easy_standardft,6,v_proj,0.07772435992956161
Q1_easy,set1_quartile_1_easy_retrievalpractice,set1_quartile_1_easy_standardft,7,q_proj,0.04479129984974861
Q1_easy,set1_quartile_1_easy_retrievalpractice,set1_quartile_1_easy_standardft,7,v_proj,0.05718737840652466
Q1_easy,set1_quartile_1_easy_retrievalpractice,set1_quartile_1_easy_standardft,8,q_proj,0.06070682778954506
Q1_easy,set1_quartile_1_easy_retrievalpractice,set1_quartile_1_easy_standardft,8,v_proj,0.12565955519676208
Q1_easy,set1_quartile_1_easy_retrievalpractice,set1_quartile_1_easy_standardft,9,q_proj,0.041726406663656235
Q1_easy,set1_quartile_1_easy_retrievalpractice,set1_quartile_1_easy_standardft,9,v_proj,0.06576861441135406
Q1_easy,set1_quartile_1_easy_retrievalpractice,set1_quartile_1_easy_standardft,10,q_proj,0.05202517658472061
Q1_easy,set1_quartile_1_easy_retrievalpractice,set1_quartile_1_easy_standardft,10,v_proj,0.061889369040727615
Q1_easy,set1_quartile_1_easy_retrievalpractice,set1_quartile_1_easy_standardft,11,q_proj,0.027688581496477127
Q1_easy,set1_quartile_1_easy_retrievalpractice,set1_quartile_1_easy_standardft,11,v_proj,0.05517207831144333
Q1_easy,set1_quartile_1_easy_retrievalpractice,set1_quartile_1_easy_standardft,12,q_proj,0.07426396012306213
Q1_easy,set1_quartile_1_easy_retrievalpractice,set1_quartile_1_easy_standardft,12,v_proj,0.10904169827699661
Q1_easy,set1_quartile_1_easy_retrievalpractice,set1_quartile_1_easy_standardft,13,q_proj,0.05557997524738312
Q1_easy,set1_quartile_1_easy_retrievalpractice,set1_quartile_1_easy_standardft,13,v_proj,0.09511350095272064
Q1_easy,set1_quartile_1_easy_retrievalpractice,set1_quartile_1_easy_standardft,14,q_proj,0.07346933335065842
Q1_easy,set1_quartile_1_easy_retrievalpractice,set1_quartile_1_easy_standardft,14,v_proj,0.1416958123445511
Q1_easy,set1_quartile_1_easy_retrievalpractice,set1_quartile_1_easy_standardft,15,q_proj,0.05461818352341652
Q1_easy,set1_quartile_1_easy_retrievalpractice,set1_quartile_1_easy_standardft,15,v_proj,0.07870998233556747
Q1_easy,set1_quartile_1_easy_retrievalpractice,set1_quartile_1_easy_standardft,16,q_proj,0.04207206144928932
Q1_easy,set1_quartile_1_easy_retrievalpractice,set1_quartile_1_easy_standardft,16,v_proj,0.15178394317626953
Q1_easy,set1_quartile_1_easy_retrievalpractice,set1_quartile_1_easy_standardft,17,q_proj,0.20691382884979248
Q1_easy,set1_quartile_1_easy_retrievalpractice,set1_quartile_1_easy_standardft,17,v_proj,0.18470174074172974
Q1_easy,set1_quartile_1_easy_retrievalpractice,set1_quartile_1_easy_standardft,18,q_proj,0.10575487464666367
Q1_easy,set1_quartile_1_easy_retrievalpractice,set1_quartile_1_easy_standardft,18,v_proj,0.13793565332889557
Q1_easy,set1_quartile_1_easy_retrievalpractice,set1_quartile_1_easy_standardft,19,q_proj,0.14071699976921082
Q1_easy,set1_quartile_1_easy_retrievalpractice,set1_quartile_1_easy_standardft,19,v_proj,0.24566830694675446
Q1_easy,set1_quartile_1_easy_retrievalpractice,set1_quartile_1_easy_standardft,20,q_proj,0.10390698909759521
Q1_easy,set1_quartile_1_easy_retrievalpractice,set1_quartile_1_easy_standardft,20,v_proj,0.20462889969348907
Q1_easy,set1_quartile_1_easy_retrievalpractice,set1_quartile_1_easy_standardft,21,q_proj,0.09515244513750076
Q1_easy,set1_quartile_1_easy_retrievalpractice,set1_quartile_1_easy_standardft,21,v_proj,0.3448655605316162
Q1_easy,set1_quartile_1_easy_retrievalpractice,set1_quartile_1_easy_standardft,22,q_proj,0.11368350684642792
Q1_easy,set1_quartile_1_easy_retrievalpractice,set1_quartile_1_easy_standardft,22,v_proj,0.23826608061790466
Q1_easy,set1_quartile_1_easy_retrievalpractice,set1_quartile_1_easy_standardft,23,q_proj,0.1827595978975296
Q1_easy,set1_quartile_1_easy_retrievalpractice,set1_quartile_1_easy_standardft,23,v_proj,0.31892159581184387
Q2,set1_quartile_2_retrievalpractice,set1_quartile_2_standardft,0,q_proj,0.23003579676151276
Q2,set1_quartile_2_retrievalpractice,set1_quartile_2_standardft,0,v_proj,0.14439795911312103
Q2,set1_quartile_2_retrievalpractice,set1_quartile_2_standardft,1,q_proj,0.12583255767822266
Q2,set1_quartile_2_retrievalpractice,set1_quartile_2_standardft,1,v_proj,0.12133117020130157
Q2,set1_quartile_2_retrievalpractice,set1_quartile_2_standardft,2,q_proj,0.10591471195220947
Q2,set1_quartile_2_retrievalpractice,set1_quartile_2_standardft,2,v_proj,0.1268732100725174
Q2,set1_quartile_2_retrievalpractice,set1_quartile_2_standardft,3,q_proj,0.06986775994300842
Q2,set1_quartile_2_retrievalpractice,set1_quartile_2_standardft,3,v_proj,0.12018705159425735
Q2,set1_quartile_2_retrievalpractice,set1_quartile_2_standardft,4,q_proj,0.0746549665927887
Q2,set1_quartile_2_retrievalpractice,set1_quartile_2_standardft,4,v_proj,0.1341446489095688
Q2,set1_quartile_2_retrievalpractice,set1_quartile_2_standardft,5,q_proj,0.09207475185394287
Q2,set1_quartile_2_retrievalpractice,set1_quartile_2_standardft,5,v_proj,0.11837617307901382
Q2,set1_quartile_2_retrievalpractice,set1_quartile_2_standardft,6,q_proj,0.10490381717681885
Q2,set1_quartile_2_retrievalpractice,set1_quartile_2_standardft,6,v_proj,0.12097403407096863
Q2,set1_quartile_2_retrievalpractice,set1_quartile_2_standardft,7,q_proj,0.07799578458070755
Q2,set1_quartile_2_retrievalpractice,set1_quartile_2_standardft,7,v_proj,0.1220334991812706
Q2,set1_quartile_2_retrievalpractice,set1_quartile_2_standardft,8,q_proj,0.07844024896621704
Q2,set1_quartile_2_retrievalpractice,set1_quartile_2_standardft,8,v_proj,0.14672493934631348
Q2,set1_quartile_2_retrievalpractice,set1_quartile_2_standardft,9,q_proj,0.049742136150598526
Q2,set1_quartile_2_retrievalpractice,set1_quartile_2_standardft,9,v_proj,0.1302831619977951
Q2,set1_quartile_2_retrievalpractice,set1_quartile_2_standardft,10,q_proj,0.10313983261585236
Q2,set1_quartile_2_retrievalpractice,set1_quartile_2_standardft,10,v_proj,0.12706850469112396
Q2,set1_quartile_2_retrievalpractice,set1_quartile_2_standardft,11,q_proj,0.055504243820905685
Q2,set1_quartile_2_retrievalpractice,set1_quartile_2_standardft,11,v_proj,0.08577211946249008
Q2,set1_quartile_2_retrievalpractice,set1_quartile_2_standardft,12,q_proj,0.14104418456554413
Q2,set1_quartile_2_retrievalpractice,set1_quartile_2_standardft,12,v_proj,0.19795505702495575
Q2,set1_quartile_2_retrievalpractice,set1_quartile_2_standardft,13,q_proj,0.07831867784261703
Q2,set1_quartile_2_retrievalpractice,set1_quartile_2_standardft,13,v_proj,0.15544083714485168
Q2,set1_quartile_2_retrievalpractice,set1_quartile_2_standardft,14,q_proj,0.12330996245145798
Q2,set1_quartile_2_retrievalpractice,set1_quartile_2_standardft,14,v_proj,0.20305651426315308
Q2,set1_quartile_2_retrievalpractice,set1_quartile_2_standardft,15,q_proj,0.13004399836063385
Q2,set1_quartile_2_retrievalpractice,set1_quartile_2_standardft,15,v_proj,0.23666590452194214
Q2,set1_quartile_2_retrievalpractice,set1_quartile_2_standardft,16,q_proj,0.12192627042531967
Q2,set1_quartile_2_retrievalpractice,set1_quartile_2_standardft,16,v_proj,0.1728755086660385
Q2,set1_quartile_2_retrievalpractice,set1_quartile_2_standardft,17,q_proj,0.2154061496257782
Q2,set1_quartile_2_retrievalpractice,set1_quartile_2_standardft,17,v_proj,0.23912008106708527
Q2,set1_quartile_2_retrievalpractice,set1_quartile_2_standardft,18,q_proj,0.17024873197078705
Q2,set1_quartile_2_retrievalpractice,set1_quartile_2_standardft,18,v_proj,0.2506036162376404
Q2,set1_quartile_2_retrievalpractice,set1_quartile_2_standardft,19,q_proj,0.16486743092536926
Q2,set1_quartile_2_retrievalpractice,set1_quartile_2_standardft,19,v_proj,0.3338891267776489
Q2,set1_quartile_2_retrievalpractice,set1_quartile_2_standardft,20,q_proj,0.13256801664829254
Q2,set1_quartile_2_retrievalpractice,set1_quartile_2_standardft,20,v_proj,0.28501591086387634
Q2,set1_quartile_2_retrievalpractice,set1_quartile_2_standardft,21,q_proj,0.16421453654766083
Q2,set1_quartile_2_retrievalpractice,set1_quartile_2_standardft,21,v_proj,0.37456828355789185
Q2,set1_quartile_2_retrievalpractice,set1_quartile_2_standardft,22,q_proj,0.149801567196846
Q2,set1_quartile_2_retrievalpractice,set1_quartile_2_standardft,22,v_proj,0.2754519581794739
Q2,set1_quartile_2_retrievalpractice,set1_quartile_2_standardft,23,q_proj,0.16366277635097504
Q2,set1_quartile_2_retrievalpractice,set1_quartile_2_standardft,23,v_proj,0.3640511631965637
Q3,set1_quartile_3_retrievalpractice,set1_quartile_3_standardft,0,q_proj,0.20929190516471863
Q3,set1_quartile_3_retrievalpractice,set1_quartile_3_standardft,0,v_proj,0.12583903968334198
Q3,set1_quartile_3_retrievalpractice,set1_quartile_3_standardft,1,q_proj,0.13537979125976562
Q3,set1_quartile_3_retrievalpractice,set1_quartile_3_standardft,1,v_proj,0.15184250473976135
Q3,set1_quartile_3_retrievalpractice,set1_quartile_3_standardft,2,q_proj,0.099039226770401
Q3,set1_quartile_3_retrievalpractice,set1_quartile_3_standardft,2,v_proj,0.13092635571956635
Q3,set1_quartile_3_retrievalpractice,set1_quartile_3_standardft,3,q_proj,0.07701440155506134
Q3,set1_quartile_3_retrievalpractice,set1_quartile_3_standardft,3,v_proj,0.10384271293878555
Q3,set1_quartile_3_retrievalpractice,set1_quartile_3_standardft,4,q_proj,0.08793248236179352
Q3,set1_quartile_3_retrievalpractice,set1_quartile_3_standardft,4,v_proj,0.17322193086147308
Q3,set1_quartile_3_retrievalpractice,set1_quartile_3_standardft,5,q_proj,0.08867666125297546
Q3,set1_quartile_3_retrievalpractice,set1_quartile_3_standardft,5,v_proj,0.15643735229969025
Q3,set1_quartile_3_retrievalpractice,set1_quartile_3_standardft,6,q_proj,0.08321463316679001
Q3,set1_quartile_3_retrievalpractice,set1_quartile_3_standardft,6,v_proj,0.12938085198402405
Q3,set1_quartile_3_retrievalpractice,set1_quartile_3_standardft,7,q_proj,0.07966317236423492
Q3,set1_quartile_3_retrievalpractice,set1_quartile_3_standardft,7,v_proj,0.12309718877077103
Q3,set1_quartile_3_retrievalpractice,set1_quartile_3_standardft,8,q_proj,0.10082750022411346
Q3,set1_quartile_3_retrievalpractice,set1_quartile_3_standardft,8,v_proj,0.14856070280075073
Q3,set1_quartile_3_retrievalpractice,set1_quartile_3_standardft,9,q_proj,0.08035079389810562
Q3,set1_quartile_3_retrievalpractice,set1_quartile_3_standardft,9,v_proj,0.09597399085760117
Q3,set1_quartile_3_retrievalpractice,set1_quartile_3_standardft,10,q_proj,0.10930938273668289
Q3,set1_quartile_3_retrievalpractice,set1_quartile_3_standardft,10,v_proj,0.16689297556877136
Q3,set1_quartile_3_retrievalpractice,set1_quartile_3_standardft,11,q_proj,0.03958208113908768
Q3,set1_quartile_3_retrievalpractice,set1_quartile_3_standardft,11,v_proj,0.11266839504241943
Q3,set1_quartile_3_retrievalpractice,set1_quartile_3_standardft,12,q_proj,0.13656006753444672
Q3,set1_quartile_3_retrievalpractice,set1_quartile_3_standardft,12,v_proj,0.14865007996559143
Q3,set1_quartile_3_retrievalpractice,set1_quartile_3_standardft,13,q_proj,0.09830976277589798
Q3,set1_quartile_3_retrievalpractice,set1_quartile_3_standardft,13,v_proj,0.1895398050546646
Q3,set1_quartile_3_retrievalpractice,set1_quartile_3_standardft,14,q_proj,0.1341542899608612
Q3,set1_quartile_3_retrievalpractice,set1_quartile_3_standardft,14,v_proj,0.2000189572572708
Q3,set1_quartile_3_retrievalpractice,set1_quartile_3_standardft,15,q_proj,0.1250549554824829
Q3,set1_quartile_3_retrievalpractice,set1_quartile_3_standardft,15,v_proj,0.18120141327381134
Q3,set1_quartile_3_retrievalpractice,set1_quartile_3_standardft,16,q_proj,0.10588601231575012
Q3,set1_quartile_3_retrievalpractice,set1_quartile_3_standardft,16,v_proj,0.1960381418466568
Q3,set1_quartile_3_retrievalpractice,set1_quartile_3_standardft,17,q_proj,0.21300449967384338
Q3,set1_quartile_3_retrievalpractice,set1_quartile_3_standardft,17,v_proj,0.2488783597946167
Q3,set1_quartile_3_retrievalpractice,set1_quartile_3_standardft,18,q_proj,0.16627781093120575
Q3,set1_quartile_3_retrievalpractice,set1_quartile_3_standardft,18,v_proj,0.24777254462242126
Q3,set1_quartile_3_retrievalpractice,set1_quartile_3_standardft,19,q_proj,0.2153967022895813
Q3,set1_quartile_3_retrievalpractice,set1_quartile_3_standardft,19,v_proj,0.34881654381752014
Q3,set1_quartile_3_retrievalpractice,set1_quartile_3_standardft,20,q_proj,0.13956767320632935
Q3,set1_quartile_3_retrievalpractice,set1_quartile_3_standardft,20,v_proj,0.24152518808841705
Q3,set1_quartile_3_retrievalpractice,set1_quartile_3_standardft,21,q_proj,0.1542055457830429
Q3,set1_quartile_3_retrievalpractice,set1_quartile_3_standardft,21,v_proj,0.38119977712631226
Q3,set1_quartile_3_retrievalpractice,set1_quartile_3_standardft,22,q_proj,0.12184467911720276
Q3,set1_quartile_3_retrievalpractice,set1_quartile_3_standardft,22,v_proj,0.2517954409122467
Q3,set1_quartile_3_retrievalpractice,set1_quartile_3_standardft,23,q_proj,0.17000338435173035
Q3,set1_quartile_3_retrievalpractice,set1_quartile_3_standardft,23,v_proj,0.3198584020137787
Q4_hard,set1_quartile_4_hard_retrievalpractice,set1_quartile_4_hard_standardft,0,q_proj,0.1579437553882599
Q4_hard,set1_quartile_4_hard_retrievalpractice,set1_quartile_4_hard_standardft,0,v_proj,0.12163664400577545
Q4_hard,set1_quartile_4_hard_retrievalpractice,set1_quartile_4_hard_standardft,1,q_proj,0.11124671995639801
Q4_hard,set1_quartile_4_hard_retrievalpractice,set1_quartile_4_hard_standardft,1,v_proj,0.12498189508914948
Q4_hard,set1_quartile_4_hard_retrievalpractice,set1_quartile_4_hard_standardft,2,q_proj,0.09998412430286407
Q4_hard,set1_quartile_4_hard_retrievalpractice,set1_quartile_4_hard_standardft,2,v_proj,0.11419110000133514
Q4_hard,set1_quartile_4_hard_retrievalpractice,set1_quartile_4_hard_standardft,3,q_proj,0.06940664350986481
Q4_hard,set1_quartile_4_hard_retrievalpractice,set1_quartile_4_hard_standardft,3,v_proj,0.08539514988660812
Q4_hard,set1_quartile_4_hard_retrievalpractice,set1_quartile_4_hard_standardft,4,q_proj,0.041418563574552536
Q4_hard,set1_quartile_4_hard_retrievalpractice,set1_quartile_4_hard_standardft,4,v_proj,0.10859842598438263
Q4_hard,set1_quartile_4_hard_retrievalpractice,set1_quartile_4_hard_standardft,5,q_proj,0.061511337757110596
Q4_hard,set1_quartile_4_hard_retrievalpractice,set1_quartile_4_hard_standardft,5,v_proj,0.09892803430557251
Q4_hard,set1_quartile_4_hard_retrievalpractice,set1_quartile_4_hard_standardft,6,q_proj,0.0804578959941864
Q4_hard,set1_quartile_4_hard_retrievalpractice,set1_quartile_4_hard_standardft,6,v_proj,0.11133097857236862
Q4_hard,set1_quartile_4_hard_retrievalpractice,set1_quartile_4_hard_standardft,7,q_proj,0.06348281353712082
Q4_hard,set1_quartile_4_hard_retrievalpractice,set1_quartile_4_hard_standardft,7,v_proj,0.1307351291179657
Q4_hard,set1_quartile_4_hard_retrievalpractice,set1_quartile_4_hard_standardft,8,q_proj,0.07623255252838135
Q4_hard,set1_quartile_4_hard_retrievalpractice,set1_quartile_4_hard_standardft,8,v_proj,0.12022940814495087
Q4_hard,set1_quartile_4_hard_retrievalpractice,set1_quartile_4_hard_standardft,9,q_proj,0.03179901838302612
Q4_hard,set1_quartile_4_hard_retrievalpractice,set1_quartile_4_hard_standardft,9,v_proj,0.10793952643871307
Q4_hard,set1_quartile_4_hard_retrievalpractice,set1_quartile_4_hard_standardft,10,q_proj,0.0684821680188179
Q4_hard,set1_quartile_4_hard_retrievalpractice,set1_quartile_4_hard_standardft,10,v_proj,0.10651112347841263
Q4_hard,set1_quartile_4_hard_retrievalpractice,set1_quartile_4_hard_standardft,11,q_proj,0.03527436405420303
Q4_hard,set1_quartile_4_hard_retrievalpractice,set1_quartile_4_hard_standardft,11,v_proj,0.07864372432231903
Q4_hard,set1_quartile_4_hard_retrievalpractice,set1_quartile_4_hard_standardft,12,q_proj,0.11382697522640228
Q4_hard,set1_quartile_4_hard_retrievalpractice,set1_quartile_4_hard_standardft,12,v_proj,0.192874476313591
Q4_hard,set1_quartile_4_hard_retrievalpractice,set1_quartile_4_hard_standardft,13,q_proj,0.059161148965358734
Q4_hard,set1_quartile_4_hard_retrievalpractice,set1_quartile_4_hard_standardft,13,v_proj,0.14514991641044617
Q4_hard,set1_quartile_4_hard_retrievalpractice,set1_quartile_4_hard_standardft,14,q_proj,0.10771870613098145
Q4_hard,set1_quartile_4_hard_retrievalpractice,set1_quartile_4_hard_standardft,14,v_proj,0.1753915250301361
Q4_hard,set1_quartile_4_hard_retrievalpractice,set1_quartile_4_hard_standardft,15,q_proj,0.10010241717100143
Q4_hard,set1_quartile_4_hard_retrievalpractice,set1_quartile_4_hard_standardft,15,v_proj,0.18485714495182037
Q4_hard,set1_quartile_4_hard_retrievalpractice,set1_quartile_4_hard_standardft,16,q_proj,0.07358531653881073
Q4_hard,set1_quartile_4_hard_retrievalpractice,set1_quartile_4_hard_standardft,16,v_proj,0.13305799663066864
Q4_hard,set1_quartile_4_hard_retrievalpractice,set1_quartile_4_hard_standardft,17,q_proj,0.18025869131088257
Q4_hard,set1_quartile_4_hard_retrievalpractice,set1_quartile_4_hard_standardft,17,v_proj,0.2455446720123291
Q4_hard,set1_quartile_4_hard_retrievalpractice,set1_quartile_4_hard_standardft,18,q_proj,0.13334345817565918
Q4_hard,set1_quartile_4_hard_retrievalpractice,set1_quartile_4_hard_standardft,18,v_proj,0.21042411029338837
Q4_hard,set1_quartile_4_hard_retrievalpractice,set1_quartile_4_hard_standardft,19,q_proj,0.18366514146327972
Q4_hard,set1_quartile_4_hard_retrievalpractice,set1_quartile_4_hard_standardft,19,v_proj,0.2931194007396698
Q4_hard,set1_quartile_4_hard_retrievalpractice,set1_quartile_4_hard_standardft,20,q_proj,0.14427636563777924
Q4_hard,set1_quartile_4_hard_retrievalpractice,set1_quartile_4_hard_standardft,20,v_proj,0.24391095340251923
Q4_hard,set1_quartile_4_hard_retrievalpractice,set1_quartile_4_hard_standardft,21,q_proj,0.12927182018756866
Q4_hard,set1_quartile_4_hard_retrievalpractice,set1_quartile_4_hard_standardft,21,v_proj,0.3488142490386963
Q4_hard,set1_quartile_4_hard_retrievalpractice,set1_quartile_4_hard_standardft,22,q_proj,0.13632835447788239
Q4_hard,set1_quartile_4_hard_retrievalpractice,set1_quartile_4_hard_standardft,22,v_proj,0.1989639848470688
Q4_hard,set1_quartile_4_hard_retrievalpractice,set1_quartile_4_hard_standardft,23,q_proj,0.16517677903175354
Q4_hard,set1_quartile_4_hard_retrievalpractice,set1_quartile_4_hard_standardft,23,v_proj,0.33624640107154846
RP_Q1_vs_Q4,set1_quartile_1_easy_retrievalpractice,set1_quartile_4_hard_retrievalpractice,0,q_proj,0.012703267857432365
RP_Q1_vs_Q4,set1_quartile_1_easy_retrievalpractice,set1_quartile_4_hard_retrievalpractice,0,v_proj,0.0023658927530050278
RP_Q1_vs_Q4,set1_quartile_1_easy_retrievalpractice,set1_quartile_4_hard_retrievalpractice,1,q_proj,0.000904918066225946
RP_Q1_vs_Q4,set1_quartile_1_easy_retrievalpractice,set1_quartile_4_hard_retrievalpractice,1,v_proj,-0.0006464814650826156
RP_Q1_vs_Q4,set1_quartile_1_easy_retrievalpractice,set1_quartile_4_hard_retrievalpractice,2,q_proj,0.0018905228935182095
RP_Q1_vs_Q4,set1_quartile_1_easy_retrievalpractice,set1_quartile_4_hard_retrievalpractice,2,v_proj,0.00523887574672699
RP_Q1_vs_Q4,set1_quartile_1_easy_retrievalpractice,set1_quartile_4_hard_retrievalpractice,3,q_proj,0.003982693888247013
RP_Q1_vs_Q4,set1_quartile_1_easy_retrievalpractice,set1_quartile_4_hard_retrievalpractice,3,v_proj,0.004162240773439407
RP_Q1_vs_Q4,set1_quartile_1_easy_retrievalpractice,set1_quartile_4_hard_retrievalpractice,4,q_proj,0.0015993177657946944
RP_Q1_vs_Q4,set1_quartile_1_easy_retrievalpractice,set1_quartile_4_hard_retrievalpractice,4,v_proj,-0.002757205395027995
RP_Q1_vs_Q4,set1_quartile_1_easy_retrievalpractice,set1_quartile_4_hard_retrievalpractice,5,q_proj,0.0012920675799250603
RP_Q1_vs_Q4,set1_quartile_1_easy_retrievalpractice,set1_quartile_4_hard_retrievalpractice,5,v_proj,0.004971055779606104
RP_Q1_vs_Q4,set1_quartile_1_easy_retrievalpractice,set1_quartile_4_hard_retrievalpractice,6,q_proj,0.0009954089764505625
RP_Q1_vs_Q4,set1_quartile_1_easy_retrievalpractice,set1_quartile_4_hard_retrievalpractice,6,v_proj,0.007606375031173229
RP_Q1_vs_Q4,set1_quartile_1_easy_retrievalpractice,set1_quartile_4_hard_retrievalpractice,7,q_proj,0.00565677136182785
RP_Q1_vs_Q4,set1_quartile_1_easy_retrievalpractice,set1_quartile_4_hard_retrievalpractice,7,v_proj,0.00033161925966851413
RP_Q1_vs_Q4,set1_quartile_1_easy_retrievalpractice,set1_quartile_4_hard_retrievalpractice,8,q_proj,0.0027338420040905476
RP_Q1_vs_Q4,set1_quartile_1_easy_retrievalpractice,set1_quartile_4_hard_retrievalpractice,8,v_proj,0.019481781870126724
RP_Q1_vs_Q4,set1_quartile_1_easy_retrievalpractice,set1_quartile_4_hard_retrievalpractice,9,q_proj,0.0003827928740065545
RP_Q1_vs_Q4,set1_quartile_1_easy_retrievalpractice,set1_quartile_4_hard_retrievalpractice,9,v_proj,0.0012714152690023184
RP_Q1_vs_Q4,set1_quartile_1_easy_retrievalpractice,set1_quartile_4_hard_retrievalpractice,10,q_proj,0.010147744789719582
RP_Q1_vs_Q4,set1_quartile_1_easy_retrievalpractice,set1_quartile_4_hard_retrievalpractice,10,v_proj,0.0038799515459686518
RP_Q1_vs_Q4,set1_quartile_1_easy_retrievalpractice,set1_quartile_4_hard_retrievalpractice,11,q_proj,-0.004870501346886158
RP_Q1_vs_Q4,set1_quartile_1_easy_retrievalpractice,set1_quartile_4_hard_retrievalpractice,11,v_proj,0.010092223063111305
RP_Q1_vs_Q4,set1_quartile_1_easy_retrievalpractice,set1_quartile_4_hard_retrievalpractice,12,q_proj,-0.00430158618837595
RP_Q1_vs_Q4,set1_quartile_1_easy_retrievalpractice,set1_quartile_4_hard_retrievalpractice,12,v_proj,0.005089990328997374
RP_Q1_vs_Q4,set1_quartile_1_easy_retrievalpractice,set1_quartile_4_hard_retrievalpractice,13,q_proj,0.0013266315218061209
RP_Q1_vs_Q4,set1_quartile_1_easy_retrievalpractice,set1_quartile_4_hard_retrievalpractice,13,v_proj,0.0028091606218367815
RP_Q1_vs_Q4,set1_quartile_1_easy_retrievalpractice,set1_quartile_4_hard_retrievalpractice,14,q_proj,0.009008626453578472
RP_Q1_vs_Q4,set1_quartile_1_easy_retrievalpractice,set1_quartile_4_hard_retrievalpractice,14,v_proj,-5.807052002637647e-05
RP_Q1_vs_Q4,set1_quartile_1_easy_retrievalpractice,set1_quartile_4_hard_retrievalpractice,15,q_proj,-0.004259118344634771
RP_Q1_vs_Q4,set1_quartile_1_easy_retrievalpractice,set1_quartile_4_hard_retrievalpractice,15,v_proj,0.00562317855656147
RP_Q1_vs_Q4,set1_quartile_1_easy_retrievalpractice,set1_quartile_4_hard_retrievalpractice,16,q_proj,0.004400733858346939
RP_Q1_vs_Q4,set1_quartile_1_easy_retrievalpractice,set1_quartile_4_hard_retrievalpractice,16,v_proj,-0.0035238838754594326
RP_Q1_vs_Q4,set1_quartile_1_easy_retrievalpractice,set1_quartile_4_hard_retrievalpractice,17,q_proj,0.0057682618498802185
RP_Q1_vs_Q4,set1_quartile_1_easy_retrievalpractice,set1_quartile_4_hard_retrievalpractice,17,v_proj,0.004284200724214315
RP_Q1_vs_Q4,set1_quartile_1_easy_retrievalpractice,set1_quartile_4_hard_retrievalpractice,18,q_proj,-0.0003769674804061651
RP_Q1_vs_Q4,set1_quartile_1_easy_retrievalpractice,set1_quartile_4_hard_retrievalpractice,18,v_proj,-0.0029330565594136715
RP_Q1_vs_Q4,set1_quartile_1_easy_retrievalpractice,set1_quartile_4_hard_retrievalpractice,19,q_proj,0.0009395305532962084
RP_Q1_vs_Q4,set1_quartile_1_easy_retrievalpractice,set1_quartile_4_hard_retrievalpractice,19,v_proj,0.0005103761795908213
RP_Q1_vs_Q4,set1_quartile_1_easy_retrievalpractice,set1_quartile_4_hard_retrievalpractice,20,q_proj,0.0007679753471165895
RP_Q1_vs_Q4,set1_quartile_1_easy_retrievalpractice,set1_quartile_4_hard_retrievalpractice,20,v_proj,0.00532020116224885
RP_Q1_vs_Q4,set1_quartile_1_easy_retrievalpractice,set1_quartile_4_hard_retrievalpractice,21,q_proj,0.0014280604664236307
RP_Q1_vs_Q4,set1_quartile_1_easy_retrievalpractice,set1_quartile_4_hard_retrievalpractice,21,v_proj,-0.007572094444185495
RP_Q1_vs_Q4,set1_quartile_1_easy_retrievalpractice,set1_quartile_4_hard_retrievalpractice,22,q_proj,0.000588372815400362
RP_Q1_vs_Q4,set1_quartile_1_easy_retrievalpractice,set1_quartile_4_hard_retrievalpractice,22,v_proj,0.0011987484758719802
RP_Q1_vs_Q4,set1_quartile_1_easy_retrievalpractice,set1_quartile_4_hard_retrievalpractice,23,q_proj,-0.000824653310701251
RP_Q1_vs_Q4,set1_quartile_1_easy_retrievalpractice,set1_quartile_4_hard_retrievalpractice,23,v_proj,0.0010254656663164496
SFT_Q1_vs_Q4,set1_quartile_1_easy_standardft,set1_quartile_4_hard_standardft,0,q_proj,0.012583693489432335
SFT_Q1_vs_Q4,set1_quartile_1_easy_standardft,set1_quartile_4_hard_standardft,0,v_proj,0.003208332695066929
SFT_Q1_vs_Q4,set1_quartile_1_easy_standardft,set1_quartile_4_hard_standardft,1,q_proj,0.000538919004611671
SFT_Q1_vs_Q4,set1_quartile_1_easy_standardft,set1_quartile_4_hard_standardft,1,v_proj,0.012151692993938923
SFT_Q1_vs_Q4,set1_quartile_1_easy_standardft,set1_quartile_4_hard_standardft,2,q_proj,0.0017004930414259434
SFT_Q1_vs_Q4,set1_quartile_1_easy_standardft,set1_quartile_4_hard_standardft,2,v_proj,0.006257984321564436
SFT_Q1_vs_Q4,set1_quartile_1_easy_standardft,set1_quartile_4_hard_standardft,3,q_proj,0.0002670791291166097
SFT_Q1_vs_Q4,set1_quartile_1_easy_standardft,set1_quartile_4_hard_standardft,3,v_proj,-0.00041542554390616715
SFT_Q1_vs_Q4,set1_quartile_1_easy_standardft,set1_quartile_4_hard_standardft,4,q_proj,0.0020423426758497953
SFT_Q1_vs_Q4,set1_quartile_1_easy_standardft,set1_quartile_4_hard_standardft,4,v_proj,-0.0014525710139423609
SFT_Q1_vs_Q4,set1_quartile_1_easy_standardft,set1_quartile_4_hard_standardft,5,q_proj,0.005010160151869059
SFT_Q1_vs_Q4,set1_quartile_1_easy_standardft,set1_quartile_4_hard_standardft,5,v_proj,0.006523245945572853
SFT_Q1_vs_Q4,set1_quartile_1_easy_standardft,set1_quartile_4_hard_standardft,6,q_proj,0.0005395019543357193
SFT_Q1_vs_Q4,set1_quartile_1_easy_standardft,set1_quartile_4_hard_standardft,6,v_proj,0.008879102766513824
SFT_Q1_vs_Q4,set1_quartile_1_easy_standardft,set1_quartile_4_hard_standardft,7,q_proj,0.00013183950795792043
SFT_Q1_vs_Q4,set1_quartile_1_easy_standardft,set1_quartile_4_hard_standardft,7,v_proj,0.00666852667927742
SFT_Q1_vs_Q4,set1_quartile_1_easy_standardft,set1_quartile_4_hard_standardft,8,q_proj,0.006495526060461998
SFT_Q1_vs_Q4,set1_quartile_1_easy_standardft,set1_quartile_4_hard_standardft,8,v_proj,0.002393796807155013
SFT_Q1_vs_Q4,set1_quartile_1_easy_standardft,set1_quartile_4_hard_standardft,9,q_proj,0.0028368004132062197
SFT_Q1_vs_Q4,set1_quartile_1_easy_standardft,set1_quartile_4_hard_standardft,9,v_proj,-0.003893596585839987
SFT_Q1_vs_Q4,set1_quartile_1_easy_standardft,set1_quartile_4_hard_standardft,10,q_proj,0.00307421013712883
SFT_Q1_vs_Q4,set1_quartile_1_easy_standardft,set1_quartile_4_hard_standardft,10,v_proj,-0.0006482262397184968
SFT_Q1_vs_Q4,set1_quartile_1_easy_standardft,set1_quartile_4_hard_standardft,11,q_proj,0.0016603742260485888
SFT_Q1_vs_Q4,set1_quartile_1_easy_standardft,set1_quartile_4_hard_standardft,11,v_proj,0.004618543665856123
SFT_Q1_vs_Q4,set1_quartile_1_easy_standardft,set1_quartile_4_hard_standardft,12,q_proj,0.005626062396913767
SFT_Q1_vs_Q4,set1_quartile_1_easy_standardft,set1_quartile_4_hard_standardft,12,v_proj,0.005008331965655088
SFT_Q1_vs_Q4,set1_quartile_1_easy_standardft,set1_quartile_4_hard_standardft,13,q_proj,0.0024702646769583225
SFT_Q1_vs_Q4,set1_quartile_1_easy_standardft,set1_quartile_4_hard_standardft,13,v_proj,-0.0036640886683017015
SFT_Q1_vs_Q4,set1_quartile_1_easy_standardft,set1_quartile_4_hard_standardft,14,q_proj,-0.003719387575984001
SFT_Q1_vs_Q4,set1_quartile_1_easy_standardft,set1_quartile_4_hard_standardft,14,v_proj,0.0018443729495629668
SFT_Q1_vs_Q4,set1_quartile_1_easy_standardft,set1_quartile_4_hard_standardft,15,q_proj,0.002309700008481741
SFT_Q1_vs_Q4,set1_quartile_1_easy_standardft,set1_quartile_4_hard_standardft,15,v_proj,0.010971961542963982
SFT_Q1_vs_Q4,set1_quartile_1_easy_standardft,set1_quartile_4_hard_standardft,16,q_proj,0.0003994550206698477
SFT_Q1_vs_Q4,set1_quartile_1_easy_standardft,set1_quartile_4_hard_standardft,16,v_proj,0.004143769387155771
SFT_Q1_vs_Q4,set1_quartile_1_easy_standardft,set1_quartile_4_hard_standardft,17,q_proj,0.0004718411073554307
SFT_Q1_vs_Q4,set1_quartile_1_easy_standardft,set1_quartile_4_hard_standardft,17,v_proj,0.005110026802867651
SFT_Q1_vs_Q4,set1_quartile_1_easy_standardft,set1_quartile_4_hard_standardft,18,q_proj,0.0001976764906430617
SFT_Q1_vs_Q4,set1_quartile_1_easy_standardft,set1_quartile_4_hard_standardft,18,v_proj,-0.00020139911794103682
SFT_Q1_vs_Q4,set1_quartile_1_easy_standardft,set1_quartile_4_hard_standardft,19,q_proj,0.004765809513628483
SFT_Q1_vs_Q4,set1_quartile_1_easy_standardft,set1_quartile_4_hard_standardft,19,v_proj,-0.0029302723705768585
SFT_Q1_vs_Q4,set1_quartile_1_easy_standardft,set1_quartile_4_hard_standardft,20,q_proj,0.0016544300597161055
SFT_Q1_vs_Q4,set1_quartile_1_easy_standardft,set1_quartile_4_hard_standardft,20,v_proj,0.01261552982032299
SFT_Q1_vs_Q4,set1_quartile_1_easy_standardft,set1_quartile_4_hard_standardft,21,q_proj,0.004437693394720554
SFT_Q1_vs_Q4,set1_quartile_1_easy_standardft,set1_quartile_4_hard_standardft,21,v_proj,0.0011184083996340632
SFT_Q1_vs_Q4,set1_quartile_1_easy_standardft,set1_quartile_4_hard_standardft,22,q_proj,-0.0006493031396530569
SFT_Q1_vs_Q4,set1_quartile_1_easy_standardft,set1_quartile_4_hard_standardft,22,v_proj,0.005009058862924576
SFT_Q1_vs_Q4,set1_quartile_1_easy_standardft,set1_quartile_4_hard_standardft,23,q_proj,0.0012482729507610202
SFT_Q1_vs_Q4,set1_quartile_1_easy_standardft,set1_quartile_4_hard_standardft,23,v_proj,0.010235260240733624
RP_4k_vs_8k,set2_stage3_r16_retrieval_seed1_held,set2_stage3_r16_retrieval_8k,0,q_proj,0.14778059720993042
RP_4k_vs_8k,set2_stage3_r16_retrieval_seed1_held,set2_stage3_r16_retrieval_8k,0,v_proj,0.1037561222910881
RP_4k_vs_8k,set2_stage3_r16_retrieval_seed1_held,set2_stage3_r16_retrieval_8k,1,q_proj,0.09849969297647476
RP_4k_vs_8k,set2_stage3_r16_retrieval_seed1_held,set2_stage3_r16_retrieval_8k,1,v_proj,0.12320420891046524
RP_4k_vs_8k,set2_stage3_r16_retrieval_seed1_held,set2_stage3_r16_retrieval_8k,2,q_proj,0.07455311715602875
RP_4k_vs_8k,set2_stage3_r16_retrieval_seed1_held,set2_stage3_r16_retrieval_8k,2,v_proj,0.10602228343486786
RP_4k_vs_8k,set2_stage3_r16_retrieval_seed1_held,set2_stage3_r16_retrieval_8k,3,q_proj,0.06330124288797379
RP_4k_vs_8k,set2_stage3_r16_retrieval_seed1_held,set2_stage3_r16_retrieval_8k,3,v_proj,0.09012550860643387
RP_4k_vs_8k,set2_stage3_r16_retrieval_seed1_held,set2_stage3_r16_retrieval_8k,4,q_proj,0.04874967038631439
RP_4k_vs_8k,set2_stage3_r16_retrieval_seed1_held,set2_stage3_r16_retrieval_8k,4,v_proj,0.12920042872428894
RP_4k_vs_8k,set2_stage3_r16_retrieval_seed1_held,set2_stage3_r16_retrieval_8k,5,q_proj,0.059172406792640686
RP_4k_vs_8k,set2_stage3_r16_retrieval_seed1_held,set2_stage3_r16_retrieval_8k,5,v_proj,0.10641083121299744
RP_4k_vs_8k,set2_stage3_r16_retrieval_seed1_held,set2_stage3_r16_retrieval_8k,6,q_proj,0.07095649093389511
RP_4k_vs_8k,set2_stage3_r16_retrieval_seed1_held,set2_stage3_r16_retrieval_8k,6,v_proj,0.10853056609630585
RP_4k_vs_8k,set2_stage3_r16_retrieval_seed1_held,set2_stage3_r16_retrieval_8k,7,q_proj,0.05150064453482628
RP_4k_vs_8k,set2_stage3_r16_retrieval_seed1_held,set2_stage3_r16_retrieval_8k,7,v_proj,0.08162897080183029
RP_4k_vs_8k,set2_stage3_r16_retrieval_seed1_held,set2_stage3_r16_retrieval_8k,8,q_proj,0.06237249821424484
RP_4k_vs_8k,set2_stage3_r16_retrieval_seed1_held,set2_stage3_r16_retrieval_8k,8,v_proj,0.09398318827152252
RP_4k_vs_8k,set2_stage3_r16_retrieval_seed1_held,set2_stage3_r16_retrieval_8k,9,q_proj,0.04122663289308548
RP_4k_vs_8k,set2_stage3_r16_retrieval_seed1_held,set2_stage3_r16_retrieval_8k,9,v_proj,0.10292216390371323
RP_4k_vs_8k,set2_stage3_r16_retrieval_seed1_held,set2_stage3_r16_retrieval_8k,10,q_proj,0.05093008652329445
RP_4k_vs_8k,set2_stage3_r16_retrieval_seed1_held,set2_stage3_r16_retrieval_8k,10,v_proj,0.11729026585817337
RP_4k_vs_8k,set2_stage3_r16_retrieval_seed1_held,set2_stage3_r16_retrieval_8k,11,q_proj,0.04011242091655731
RP_4k_vs_8k,set2_stage3_r16_retrieval_seed1_held,set2_stage3_r16_retrieval_8k,11,v_proj,0.0819573774933815
RP_4k_vs_8k,set2_stage3_r16_retrieval_seed1_held,set2_stage3_r16_retrieval_8k,12,q_proj,0.0907941535115242
RP_4k_vs_8k,set2_stage3_r16_retrieval_seed1_held,set2_stage3_r16_retrieval_8k,12,v_proj,0.1265350878238678
RP_4k_vs_8k,set2_stage3_r16_retrieval_seed1_held,set2_stage3_r16_retrieval_8k,13,q_proj,0.04458814486861229
RP_4k_vs_8k,set2_stage3_r16_retrieval_seed1_held,set2_stage3_r16_retrieval_8k,13,v_proj,0.12195449322462082
RP_4k_vs_8k,set2_stage3_r16_retrieval_seed1_held,set2_stage3_r16_retrieval_8k,14,q_proj,0.09743693470954895
RP_4k_vs_8k,set2_stage3_r16_retrieval_seed1_held,set2_stage3_r16_retrieval_8k,14,v_proj,0.15250436961650848
RP_4k_vs_8k,set2_stage3_r16_retrieval_seed1_held,set2_stage3_r16_retrieval_8k,15,q_proj,0.06977253407239914
RP_4k_vs_8k,set2_stage3_r16_retrieval_seed1_held,set2_stage3_r16_retrieval_8k,15,v_proj,0.13359978795051575
RP_4k_vs_8k,set2_stage3_r16_retrieval_seed1_held,set2_stage3_r16_retrieval_8k,16,q_proj,0.08739438652992249
RP_4k_vs_8k,set2_stage3_r16_retrieval_seed1_held,set2_stage3_r16_retrieval_8k,16,v_proj,0.15078876912593842
RP_4k_vs_8k,set2_stage3_r16_retrieval_seed1_held,set2_stage3_r16_retrieval_8k,17,q_proj,0.14230123162269592
RP_4k_vs_8k,set2_stage3_r16_retrieval_seed1_held,set2_stage3_r16_retrieval_8k,17,v_proj,0.18758413195610046
RP_4k_vs_8k,set2_stage3_r16_retrieval_seed1_held,set2_stage3_r16_retrieval_8k,18,q_proj,0.10631878674030304
RP_4k_vs_8k,set2_stage3_r16_retrieval_seed1_held,set2_stage3_r16_retrieval_8k,18,v_proj,0.14338922500610352
RP_4k_vs_8k,set2_stage3_r16_retrieval_seed1_held,set2_stage3_r16_retrieval_8k,19,q_proj,0.12286160886287689
RP_4k_vs_8k,set2_stage3_r16_retrieval_seed1_held,set2_stage3_r16_retrieval_8k,19,v_proj,0.21276576817035675
RP_4k_vs_8k,set2_stage3_r16_retrieval_seed1_held,set2_stage3_r16_retrieval_8k,20,q_proj,0.12245412915945053
RP_4k_vs_8k,set2_stage3_r16_retrieval_seed1_held,set2_stage3_r16_retrieval_8k,20,v_proj,0.23344038426876068
RP_4k_vs_8k,set2_stage3_r16_retrieval_seed1_held,set2_stage3_r16_retrieval_8k,21,q_proj,0.10495340824127197
RP_4k_vs_8k,set2_stage3_r16_retrieval_seed1_held,set2_stage3_r16_retrieval_8k,21,v_proj,0.2480550855398178
RP_4k_vs_8k,set2_stage3_r16_retrieval_seed1_held,set2_stage3_r16_retrieval_8k,22,q_proj,0.11584849655628204
RP_4k_vs_8k,set2_stage3_r16_retrieval_seed1_held,set2_stage3_r16_retrieval_8k,22,v_proj,0.25746652483940125
RP_4k_vs_8k,set2_stage3_r16_retrieval_seed1_held,set2_stage3_r16_retrieval_8k,23,q_proj,0.12837116420269012
RP_4k_vs_8k,set2_stage3_r16_retrieval_seed1_held,set2_stage3_r16_retrieval_8k,23,v_proj,0.26064053177833557
SFT_4k_vs_8k,set2_stage3_r16_standard_seed1_held,set2_stage3_r16_standard_8k,0,q_proj,0.2432415932416916
SFT_4k_vs_8k,set2_stage3_r16_standard_seed1_held,set2_stage3_r16_standard_8k,0,v_proj,0.1496289074420929
SFT_4k_vs_8k,set2_stage3_r16_standard_seed1_held,set2_stage3_r16_standard_8k,1,q_proj,0.12816877663135529
SFT_4k_vs_8k,set2_stage3_r16_standard_seed1_held,set2_stage3_r16_standard_8k,1,v_proj,0.13279107213020325
SFT_4k_vs_8k,set2_stage3_r16_standard_seed1_held,set2_stage3_r16_standard_8k,2,q_proj,0.11528336256742477
SFT_4k_vs_8k,set2_stage3_r16_standard_seed1_held,set2_stage3_r16_standard_8k,2,v_proj,0.13711941242218018
SFT_4k_vs_8k,set2_stage3_r16_standard_seed1_held,set2_stage3_r16_standard_8k,3,q_proj,0.07335275411605835
SFT_4k_vs_8k,set2_stage3_r16_standard_seed1_held,set2_stage3_r16_standard_8k,3,v_proj,0.10236356407403946
SFT_4k_vs_8k,set2_stage3_r16_standard_seed1_held,set2_stage3_r16_standard_8k,4,q_proj,0.09074287861585617
SFT_4k_vs_8k,set2_stage3_r16_standard_seed1_held,set2_stage3_r16_standard_8k,4,v_proj,0.15208613872528076
SFT_4k_vs_8k,set2_stage3_r16_standard_seed1_held,set2_stage3_r16_standard_8k,5,q_proj,0.09317437559366226
SFT_4k_vs_8k,set2_stage3_r16_standard_seed1_held,set2_stage3_r16_standard_8k,5,v_proj,0.14183415472507477
SFT_4k_vs_8k,set2_stage3_r16_standard_seed1_held,set2_stage3_r16_standard_8k,6,q_proj,0.10385246574878693
SFT_4k_vs_8k,set2_stage3_r16_standard_seed1_held,set2_stage3_r16_standard_8k,6,v_proj,0.15281154215335846
SFT_4k_vs_8k,set2_stage3_r16_standard_seed1_held,set2_stage3_r16_standard_8k,7,q_proj,0.09347175806760788
SFT_4k_vs_8k,set2_stage3_r16_standard_seed1_held,set2_stage3_r16_standard_8k,7,v_proj,0.14726684987545013
SFT_4k_vs_8k,set2_stage3_r16_standard_seed1_held,set2_stage3_r16_standard_8k,8,q_proj,0.08775678277015686
SFT_4k_vs_8k,set2_stage3_r16_standard_seed1_held,set2_stage3_r16_standard_8k,8,v_proj,0.14701111614704132
SFT_4k_vs_8k,set2_stage3_r16_standard_seed1_held,set2_stage3_r16_standard_8k,9,q_proj,0.07469842582941055
SFT_4k_vs_8k,set2_stage3_r16_standard_seed1_held,set2_stage3_r16_standard_8k,9,v_proj,0.14935436844825745
SFT_4k_vs_8k,set2_stage3_r16_standard_seed1_held,set2_stage3_r16_standard_8k,10,q_proj,0.11171787977218628
SFT_4k_vs_8k,set2_stage3_r16_standard_seed1_held,set2_stage3_r16_standard_8k,10,v_proj,0.14241328835487366
SFT_4k_vs_8k,set2_stage3_r16_standard_seed1_held,set2_stage3_r16_standard_8k,11,q_proj,0.06308143585920334
SFT_4k_vs_8k,set2_stage3_r16_standard_seed1_held,set2_stage3_r16_standard_8k,11,v_proj,0.10343334078788757
SFT_4k_vs_8k,set2_stage3_r16_standard_seed1_held,set2_stage3_r16_standard_8k,12,q_proj,0.14594431221485138
SFT_4k_vs_8k,set2_stage3_r16_standard_seed1_held,set2_stage3_r16_standard_8k,12,v_proj,0.1804676353931427
SFT_4k_vs_8k,set2_stage3_r16_standard_seed1_held,set2_stage3_r16_standard_8k,13,q_proj,0.07785912603139877
SFT_4k_vs_8k,set2_stage3_r16_standard_seed1_held,set2_stage3_r16_standard_8k,13,v_proj,0.20015180110931396
SFT_4k_vs_8k,set2_stage3_r16_standard_seed1_held,set2_stage3_r16_standard_8k,14,q_proj,0.15198920667171478
SFT_4k_vs_8k,set2_stage3_r16_standard_seed1_held,set2_stage3_r16_standard_8k,14,v_proj,0.2278391420841217
SFT_4k_vs_8k,set2_stage3_r16_standard_seed1_held,set2_stage3_r16_standard_8k,15,q_proj,0.13371552526950836
SFT_4k_vs_8k,set2_stage3_r16_standard_seed1_held,set2_stage3_r16_standard_8k,15,v_proj,0.2091824859380722
SFT_4k_vs_8k,set2_stage3_r16_standard_seed1_held,set2_stage3_r16_standard_8k,16,q_proj,0.1086561381816864
SFT_4k_vs_8k,set2_stage3_r16_standard_seed1_held,set2_stage3_r16_standard_8k,16,v_proj,0.18789654970169067
SFT_4k_vs_8k,set2_stage3_r16_standard_seed1_held,set2_stage3_r16_standard_8k,17,q_proj,0.1915058046579361
SFT_4k_vs_8k,set2_stage3_r16_standard_seed1_held,set2_stage3_r16_standard_8k,17,v_proj,0.27554580569267273
SFT_4k_vs_8k,set2_stage3_r16_standard_seed1_held,set2_stage3_r16_standard_8k,18,q_proj,0.149832621216774
SFT_4k_vs_8k,set2_stage3_r16_standard_seed1_held,set2_stage3_r16_standard_8k,18,v_proj,0.23885273933410645
SFT_4k_vs_8k,set2_stage3_r16_standard_seed1_held,set2_stage3_r16_standard_8k,19,q_proj,0.1877865195274353
SFT_4k_vs_8k,set2_stage3_r16_standard_seed1_held,set2_stage3_r16_standard_8k,19,v_proj,0.3017308712005615
SFT_4k_vs_8k,set2_stage3_r16_standard_seed1_held,set2_stage3_r16_standard_8k,20,q_proj,0.18426279723644257
SFT_4k_vs_8k,set2_stage3_r16_standard_seed1_held,set2_stage3_r16_standard_8k,20,v_proj,0.2901701033115387
SFT_4k_vs_8k,set2_stage3_r16_standard_seed1_held,set2_stage3_r16_standard_8k,21,q_proj,0.15421190857887268
SFT_4k_vs_8k,set2_stage3_r16_standard_seed1_held,set2_stage3_r16_standard_8k,21,v_proj,0.3642579913139343
SFT_4k_vs_8k,set2_stage3_r16_standard_seed1_held,set2_stage3_r16_standard_8k,22,q_proj,0.19046761095523834
SFT_4k_vs_8k,set2_stage3_r16_standard_seed1_held,set2_stage3_r16_standard_8k,22,v_proj,0.3219824433326721
SFT_4k_vs_8k,set2_stage3_r16_standard_seed1_held,set2_stage3_r16_standard_8k,23,q_proj,0.18835951387882233
SFT_4k_vs_8k,set2_stage3_r16_standard_seed1_held,set2_stage3_r16_standard_8k,23,v_proj,0.32813307642936707
