contrast,a_stem,b_stem,layer,module,topk_diag_cos,topk_best_cos
r16_8k,set2_stage3_r16_retrieval_8k,set2_stage3_r16_standard_8k,0,q_proj,0.15887461602687836,0.4104577898979187
r16_8k,set2_stage3_r16_retrieval_8k,set2_stage3_r16_standard_8k,0,v_proj,0.15415197610855103,0.282819002866745
r16_8k,set2_stage3_r16_retrieval_8k,set2_stage3_r16_standard_8k,1,q_proj,0.24486005306243896,0.2510717511177063
r16_8k,set2_stage3_r16_retrieval_8k,set2_stage3_r16_standard_8k,1,v_proj,0.08996909856796265,0.3337441384792328
r16_8k,set2_stage3_r16_retrieval_8k,set2_stage3_r16_standard_8k,2,q_proj,0.07543286681175232,0.20729240775108337
r16_8k,set2_stage3_r16_retrieval_8k,set2_stage3_r16_standard_8k,2,v_proj,0.2546918988227844,0.30906519293785095
r16_8k,set2_stage3_r16_retrieval_8k,set2_stage3_r16_standard_8k,3,q_proj,0.102938711643219,0.16967973113059998
r16_8k,set2_stage3_r16_retrieval_8k,set2_stage3_r16_standard_8k,3,v_proj,0.14434906840324402,0.19081327319145203
r16_8k,set2_stage3_r16_retrieval_8k,set2_stage3_r16_standard_8k,4,q_proj,0.09978508204221725,0.12719492614269257
r16_8k,set2_stage3_r16_retrieval_8k,set2_stage3_r16_standard_8k,4,v_proj,0.2530696392059326,0.36776867508888245
r16_8k,set2_stage3_r16_retrieval_8k,set2_stage3_r16_standard_8k,5,q_proj,0.11585569381713867,0.18655112385749817
r16_8k,set2_stage3_r16_retrieval_8k,set2_stage3_r16_standard_8k,5,v_proj,0.19620031118392944,0.4154599905014038
r16_8k,set2_stage3_r16_retrieval_8k,set2_stage3_r16_standard_8k,6,q_proj,0.11835193634033203,0.18226361274719238
r16_8k,set2_stage3_r16_retrieval_8k,set2_stage3_r16_standard_8k,6,v_proj,0.144560307264328,0.34350770711898804
r16_8k,set2_stage3_r16_retrieval_8k,set2_stage3_r16_standard_8k,7,q_proj,0.10430970788002014,0.16137485206127167
r16_8k,set2_stage3_r16_retrieval_8k,set2_stage3_r16_standard_8k,7,v_proj,0.18061918020248413,0.2544195055961609
r16_8k,set2_stage3_r16_retrieval_8k,set2_stage3_r16_standard_8k,8,q_proj,0.08901701867580414,0.16710443794727325
r16_8k,set2_stage3_r16_retrieval_8k,set2_stage3_r16_standard_8k,8,v_proj,0.19108588993549347,0.30956390500068665
r16_8k,set2_stage3_r16_retrieval_8k,set2_stage3_r16_standard_8k,9,q_proj,0.11067584156990051,0.13081474602222443
r16_8k,set2_stage3_r16_retrieval_8k,set2_stage3_r16_standard_8k,9,v_proj,0.190083846449852,0.2747516632080078
r16_8k,set2_stage3_r16_retrieval_8k,set2_stage3_r16_standard_8k,10,q_proj,0.16510674357414246,0.21825306117534637
r16_8k,set2_stage3_r16_retrieval_8k,set2_stage3_r16_standard_8k,10,v_proj,0.06789972633123398,0.2555590867996216
r16_8k,set2_stage3_r16_retrieval_8k,set2_stage3_r16_standard_8k,11,q_proj,0.06514162570238113,0.1227845624089241
r16_8k,set2_stage3_r16_retrieval_8k,set2_stage3_r16_standard_8k,11,v_proj,0.09182095527648926,0.2279590368270874
r16_8k,set2_stage3_r16_retrieval_8k,set2_stage3_r16_standard_8k,12,q_proj,0.1907423436641693,0.226070374250412
r16_8k,set2_stage3_r16_retrieval_8k,set2_stage3_r16_standard_8k,12,v_proj,0.23586180806159973,0.296146422624588
r16_8k,set2_stage3_r16_retrieval_8k,set2_stage3_r16_standard_8k,13,q_proj,0.06329578161239624,0.12820923328399658
r16_8k,set2_stage3_r16_retrieval_8k,set2_stage3_r16_standard_8k,13,v_proj,0.32886478304862976,0.4025161862373352
r16_8k,set2_stage3_r16_retrieval_8k,set2_stage3_r16_standard_8k,14,q_proj,0.13585291802883148,0.2363133579492569
r16_8k,set2_stage3_r16_retrieval_8k,set2_stage3_r16_standard_8k,14,v_proj,0.2638136148452759,0.35166701674461365
r16_8k,set2_stage3_r16_retrieval_8k,set2_stage3_r16_standard_8k,15,q_proj,0.12257233262062073,0.1867518126964569
r16_8k,set2_stage3_r16_retrieval_8k,set2_stage3_r16_standard_8k,15,v_proj,0.29673197865486145,0.34826400876045227
r16_8k,set2_stage3_r16_retrieval_8k,set2_stage3_r16_standard_8k,16,q_proj,0.08364477008581161,0.14949718117713928
r16_8k,set2_stage3_r16_retrieval_8k,set2_stage3_r16_standard_8k,16,v_proj,0.2030143439769745,0.3513793349266052
r16_8k,set2_stage3_r16_retrieval_8k,set2_stage3_r16_standard_8k,17,q_proj,0.1860969215631485,0.19965499639511108
r16_8k,set2_stage3_r16_retrieval_8k,set2_stage3_r16_standard_8k,17,v_proj,0.24724379181861877,0.36039119958877563
r16_8k,set2_stage3_r16_retrieval_8k,set2_stage3_r16_standard_8k,18,q_proj,0.08780897408723831,0.2235410213470459
r16_8k,set2_stage3_r16_retrieval_8k,set2_stage3_r16_standard_8k,18,v_proj,0.23250016570091248,0.30955129861831665
r16_8k,set2_stage3_r16_retrieval_8k,set2_stage3_r16_standard_8k,19,q_proj,0.12073086947202682,0.22731226682662964
r16_8k,set2_stage3_r16_retrieval_8k,set2_stage3_r16_standard_8k,19,v_proj,0.203674778342247,0.3694537878036499
r16_8k,set2_stage3_r16_retrieval_8k,set2_stage3_r16_standard_8k,20,q_proj,0.1297394186258316,0.23682236671447754
r16_8k,set2_stage3_r16_retrieval_8k,set2_stage3_r16_standard_8k,20,v_proj,0.21297866106033325,0.3922228515148163
r16_8k,set2_stage3_r16_retrieval_8k,set2_stage3_r16_standard_8k,21,q_proj,0.15449155867099762,0.22985431551933289
r16_8k,set2_stage3_r16_retrieval_8k,set2_stage3_r16_standard_8k,21,v_proj,0.280049204826355,0.42068934440612793
r16_8k,set2_stage3_r16_retrieval_8k,set2_stage3_r16_standard_8k,22,q_proj,0.24301616847515106,0.24301616847515106
r16_8k,set2_stage3_r16_retrieval_8k,set2_stage3_r16_standard_8k,22,v_proj,0.2633184790611267,0.3584054112434387
r16_8k,set2_stage3_r16_retrieval_8k,set2_stage3_r16_standard_8k,23,q_proj,0.1536804586648941,0.22980844974517822
r16_8k,set2_stage3_r16_retrieval_8k,set2_stage3_r16_standard_8k,23,v_proj,0.4221174418926239,0.4221174418926239
r16_seed1_held,set2_stage3_r16_retrieval_seed1_held,set2_stage3_r16_standard_seed1_held,0,q_proj,0.2277003824710846,0.4721718430519104
r16_seed1_held,set2_stage3_r16_retrieval_seed1_held,set2_stage3_r16_standard_seed1_held,0,v_proj,0.15151816606521606,0.30229949951171875
r16_seed1_held,set2_stage3_r16_retrieval_seed1_held,set2_stage3_r16_standard_seed1_held,1,q_proj,0.039374448359012604,0.3006262183189392
r16_seed1_held,set2_stage3_r16_retrieval_seed1_held,set2_stage3_r16_standard_seed1_held,1,v_proj,0.16712039709091187,0.2995096445083618
r16_seed1_held,set2_stage3_r16_retrieval_seed1_held,set2_stage3_r16_standard_seed1_held,2,q_proj,0.1237974762916565,0.2170008420944214
r16_seed1_held,set2_stage3_r16_retrieval_seed1_held,set2_stage3_r16_standard_seed1_held,2,v_proj,0.2408982366323471,0.2823713719844818
r16_seed1_held,set2_stage3_r16_retrieval_seed1_held,set2_stage3_r16_standard_seed1_held,3,q_proj,0.10030853748321533,0.20018033683300018
r16_seed1_held,set2_stage3_r16_retrieval_seed1_held,set2_stage3_r16_standard_seed1_held,3,v_proj,0.18702296912670135,0.21734124422073364
r16_seed1_held,set2_stage3_r16_retrieval_seed1_held,set2_stage3_r16_standard_seed1_held,4,q_proj,0.14502589404582977,0.18815931677818298
r16_seed1_held,set2_stage3_r16_retrieval_seed1_held,set2_stage3_r16_standard_seed1_held,4,v_proj,0.32061928510665894,0.34811094403266907
r16_seed1_held,set2_stage3_r16_retrieval_seed1_held,set2_stage3_r16_standard_seed1_held,5,q_proj,0.06483445316553116,0.19133928418159485
r16_seed1_held,set2_stage3_r16_retrieval_seed1_held,set2_stage3_r16_standard_seed1_held,5,v_proj,0.11726010590791702,0.27666419744491577
r16_seed1_held,set2_stage3_r16_retrieval_seed1_held,set2_stage3_r16_standard_seed1_held,6,q_proj,0.12293283641338348,0.24496906995773315
r16_seed1_held,set2_stage3_r16_retrieval_seed1_held,set2_stage3_r16_standard_seed1_held,6,v_proj,0.19426703453063965,0.2605207562446594
r16_seed1_held,set2_stage3_r16_retrieval_seed1_held,set2_stage3_r16_standard_seed1_held,7,q_proj,0.1420145183801651,0.17308688163757324
r16_seed1_held,set2_stage3_r16_retrieval_seed1_held,set2_stage3_r16_standard_seed1_held,7,v_proj,0.21262052655220032,0.3012292981147766
r16_seed1_held,set2_stage3_r16_retrieval_seed1_held,set2_stage3_r16_standard_seed1_held,8,q_proj,0.09958236664533615,0.15079247951507568
r16_seed1_held,set2_stage3_r16_retrieval_seed1_held,set2_stage3_r16_standard_seed1_held,8,v_proj,0.19462795555591583,0.3151260316371918
r16_seed1_held,set2_stage3_r16_retrieval_seed1_held,set2_stage3_r16_standard_seed1_held,9,q_proj,0.16179010272026062,0.2284582406282425
r16_seed1_held,set2_stage3_r16_retrieval_seed1_held,set2_stage3_r16_standard_seed1_held,9,v_proj,0.15733207762241364,0.3345355689525604
r16_seed1_held,set2_stage3_r16_retrieval_seed1_held,set2_stage3_r16_standard_seed1_held,10,q_proj,0.23712170124053955,0.2608567476272583
r16_seed1_held,set2_stage3_r16_retrieval_seed1_held,set2_stage3_r16_standard_seed1_held,10,v_proj,0.20779462158679962,0.31243449449539185
r16_seed1_held,set2_stage3_r16_retrieval_seed1_held,set2_stage3_r16_standard_seed1_held,11,q_proj,0.0758773609995842,0.14677885174751282
r16_seed1_held,set2_stage3_r16_retrieval_seed1_held,set2_stage3_r16_standard_seed1_held,11,v_proj,0.13170714676380157,0.2698027789592743
r16_seed1_held,set2_stage3_r16_retrieval_seed1_held,set2_stage3_r16_standard_seed1_held,12,q_proj,0.14682169258594513,0.2929350435733795
r16_seed1_held,set2_stage3_r16_retrieval_seed1_held,set2_stage3_r16_standard_seed1_held,12,v_proj,0.26772934198379517,0.29068487882614136
r16_seed1_held,set2_stage3_r16_retrieval_seed1_held,set2_stage3_r16_standard_seed1_held,13,q_proj,0.0732581838965416,0.1673634648323059
r16_seed1_held,set2_stage3_r16_retrieval_seed1_held,set2_stage3_r16_standard_seed1_held,13,v_proj,0.2623487710952759,0.2950906753540039
r16_seed1_held,set2_stage3_r16_retrieval_seed1_held,set2_stage3_r16_standard_seed1_held,14,q_proj,0.20462381839752197,0.26276421546936035
r16_seed1_held,set2_stage3_r16_retrieval_seed1_held,set2_stage3_r16_standard_seed1_held,14,v_proj,0.22296428680419922,0.3601752817630768
r16_seed1_held,set2_stage3_r16_retrieval_seed1_held,set2_stage3_r16_standard_seed1_held,15,q_proj,0.08570444583892822,0.24660465121269226
r16_seed1_held,set2_stage3_r16_retrieval_seed1_held,set2_stage3_r16_standard_seed1_held,15,v_proj,0.3314215838909149,0.3995092809200287
r16_seed1_held,set2_stage3_r16_retrieval_seed1_held,set2_stage3_r16_standard_seed1_held,16,q_proj,0.1527951955795288,0.21720097959041595
r16_seed1_held,set2_stage3_r16_retrieval_seed1_held,set2_stage3_r16_standard_seed1_held,16,v_proj,0.23102296888828278,0.3097206652164459
r16_seed1_held,set2_stage3_r16_retrieval_seed1_held,set2_stage3_r16_standard_seed1_held,17,q_proj,0.17440550029277802,0.332809716463089
r16_seed1_held,set2_stage3_r16_retrieval_seed1_held,set2_stage3_r16_standard_seed1_held,17,v_proj,0.4005543291568756,0.4882936477661133
r16_seed1_held,set2_stage3_r16_retrieval_seed1_held,set2_stage3_r16_standard_seed1_held,18,q_proj,0.23370561003684998,0.26633623242378235
r16_seed1_held,set2_stage3_r16_retrieval_seed1_held,set2_stage3_r16_standard_seed1_held,18,v_proj,0.16791172325611115,0.3103765845298767
r16_seed1_held,set2_stage3_r16_retrieval_seed1_held,set2_stage3_r16_standard_seed1_held,19,q_proj,0.23764574527740479,0.30846232175827026
r16_seed1_held,set2_stage3_r16_retrieval_seed1_held,set2_stage3_r16_standard_seed1_held,19,v_proj,0.11274371296167374,0.4027788043022156
r16_seed1_held,set2_stage3_r16_retrieval_seed1_held,set2_stage3_r16_standard_seed1_held,20,q_proj,0.2234492152929306,0.269852876663208
r16_seed1_held,set2_stage3_r16_retrieval_seed1_held,set2_stage3_r16_standard_seed1_held,20,v_proj,0.25338879227638245,0.3610692024230957
r16_seed1_held,set2_stage3_r16_retrieval_seed1_held,set2_stage3_r16_standard_seed1_held,21,q_proj,0.08626218140125275,0.33820852637290955
r16_seed1_held,set2_stage3_r16_retrieval_seed1_held,set2_stage3_r16_standard_seed1_held,21,v_proj,0.36359483003616333,0.37374645471572876
r16_seed1_held,set2_stage3_r16_retrieval_seed1_held,set2_stage3_r16_standard_seed1_held,22,q_proj,0.18937809765338898,0.2708236873149872
r16_seed1_held,set2_stage3_r16_retrieval_seed1_held,set2_stage3_r16_standard_seed1_held,22,v_proj,0.32058995962142944,0.5146128535270691
r16_seed1_held,set2_stage3_r16_retrieval_seed1_held,set2_stage3_r16_standard_seed1_held,23,q_proj,0.22956019639968872,0.35148218274116516
r16_seed1_held,set2_stage3_r16_retrieval_seed1_held,set2_stage3_r16_standard_seed1_held,23,v_proj,0.2406923472881317,0.4448942542076111
r8_seed1_held,set2_stage3_r8_retrieval_seed1_held,set2_stage3_r8_standard_seed1_held,0,q_proj,0.3238328695297241,0.47356116771698
r8_seed1_held,set2_stage3_r8_retrieval_seed1_held,set2_stage3_r8_standard_seed1_held,0,v_proj,0.19512762129306793,0.2849055528640747
r8_seed1_held,set2_stage3_r8_retrieval_seed1_held,set2_stage3_r8_standard_seed1_held,1,q_proj,0.12247037142515182,0.351157009601593
r8_seed1_held,set2_stage3_r8_retrieval_seed1_held,set2_stage3_r8_standard_seed1_held,1,v_proj,0.16949717700481415,0.309815913438797
r8_seed1_held,set2_stage3_r8_retrieval_seed1_held,set2_stage3_r8_standard_seed1_held,2,q_proj,0.13971562683582306,0.25746119022369385
r8_seed1_held,set2_stage3_r8_retrieval_seed1_held,set2_stage3_r8_standard_seed1_held,2,v_proj,0.2323487401008606,0.32275328040122986
r8_seed1_held,set2_stage3_r8_retrieval_seed1_held,set2_stage3_r8_standard_seed1_held,3,q_proj,0.24485144019126892,0.24485144019126892
r8_seed1_held,set2_stage3_r8_retrieval_seed1_held,set2_stage3_r8_standard_seed1_held,3,v_proj,0.2681914269924164,0.3340907394886017
r8_seed1_held,set2_stage3_r8_retrieval_seed1_held,set2_stage3_r8_standard_seed1_held,4,q_proj,0.15784841775894165,0.23259791731834412
r8_seed1_held,set2_stage3_r8_retrieval_seed1_held,set2_stage3_r8_standard_seed1_held,4,v_proj,0.34575599431991577,0.3512422442436218
r8_seed1_held,set2_stage3_r8_retrieval_seed1_held,set2_stage3_r8_standard_seed1_held,5,q_proj,0.23686638474464417,0.25788718461990356
r8_seed1_held,set2_stage3_r8_retrieval_seed1_held,set2_stage3_r8_standard_seed1_held,5,v_proj,0.32003891468048096,0.4242190718650818
r8_seed1_held,set2_stage3_r8_retrieval_seed1_held,set2_stage3_r8_standard_seed1_held,6,q_proj,0.19265437126159668,0.2505950331687927
r8_seed1_held,set2_stage3_r8_retrieval_seed1_held,set2_stage3_r8_standard_seed1_held,6,v_proj,0.12027333676815033,0.40666237473487854
r8_seed1_held,set2_stage3_r8_retrieval_seed1_held,set2_stage3_r8_standard_seed1_held,7,q_proj,0.19724689424037933,0.2349381148815155
r8_seed1_held,set2_stage3_r8_retrieval_seed1_held,set2_stage3_r8_standard_seed1_held,7,v_proj,0.2541649341583252,0.31264781951904297
r8_seed1_held,set2_stage3_r8_retrieval_seed1_held,set2_stage3_r8_standard_seed1_held,8,q_proj,0.10795177519321442,0.21053780615329742
r8_seed1_held,set2_stage3_r8_retrieval_seed1_held,set2_stage3_r8_standard_seed1_held,8,v_proj,0.17525024712085724,0.3364934027194977
r8_seed1_held,set2_stage3_r8_retrieval_seed1_held,set2_stage3_r8_standard_seed1_held,9,q_proj,0.12011672556400299,0.1530866175889969
r8_seed1_held,set2_stage3_r8_retrieval_seed1_held,set2_stage3_r8_standard_seed1_held,9,v_proj,0.23046500980854034,0.2577415704727173
r8_seed1_held,set2_stage3_r8_retrieval_seed1_held,set2_stage3_r8_standard_seed1_held,10,q_proj,0.20987755060195923,0.2543318271636963
r8_seed1_held,set2_stage3_r8_retrieval_seed1_held,set2_stage3_r8_standard_seed1_held,10,v_proj,0.23888742923736572,0.3047601878643036
r8_seed1_held,set2_stage3_r8_retrieval_seed1_held,set2_stage3_r8_standard_seed1_held,11,q_proj,0.15962868928909302,0.23413564264774323
r8_seed1_held,set2_stage3_r8_retrieval_seed1_held,set2_stage3_r8_standard_seed1_held,11,v_proj,0.1593707650899887,0.23347969353199005
r8_seed1_held,set2_stage3_r8_retrieval_seed1_held,set2_stage3_r8_standard_seed1_held,12,q_proj,0.20807360112667084,0.34730327129364014
r8_seed1_held,set2_stage3_r8_retrieval_seed1_held,set2_stage3_r8_standard_seed1_held,12,v_proj,0.17831873893737793,0.26569995284080505
r8_seed1_held,set2_stage3_r8_retrieval_seed1_held,set2_stage3_r8_standard_seed1_held,13,q_proj,0.1724696010351181,0.1851697415113449
r8_seed1_held,set2_stage3_r8_retrieval_seed1_held,set2_stage3_r8_standard_seed1_held,13,v_proj,0.40309861302375793,0.43593886494636536
r8_seed1_held,set2_stage3_r8_retrieval_seed1_held,set2_stage3_r8_standard_seed1_held,14,q_proj,0.28354132175445557,0.35104814171791077
r8_seed1_held,set2_stage3_r8_retrieval_seed1_held,set2_stage3_r8_standard_seed1_held,14,v_proj,0.2640155553817749,0.3451002836227417
r8_seed1_held,set2_stage3_r8_retrieval_seed1_held,set2_stage3_r8_standard_seed1_held,15,q_proj,0.12510694563388824,0.25413066148757935
r8_seed1_held,set2_stage3_r8_retrieval_seed1_held,set2_stage3_r8_standard_seed1_held,15,v_proj,0.32205599546432495,0.3672085702419281
r8_seed1_held,set2_stage3_r8_retrieval_seed1_held,set2_stage3_r8_standard_seed1_held,16,q_proj,0.12120649218559265,0.28250300884246826
r8_seed1_held,set2_stage3_r8_retrieval_seed1_held,set2_stage3_r8_standard_seed1_held,16,v_proj,0.28232818841934204,0.3946303427219391
r8_seed1_held,set2_stage3_r8_retrieval_seed1_held,set2_stage3_r8_standard_seed1_held,17,q_proj,0.30212196707725525,0.4025210440158844
r8_seed1_held,set2_stage3_r8_retrieval_seed1_held,set2_stage3_r8_standard_seed1_held,17,v_proj,0.45784270763397217,0.45784270763397217
r8_seed1_held,set2_stage3_r8_retrieval_seed1_held,set2_stage3_r8_standard_seed1_held,18,q_proj,0.221530020236969,0.3312962055206299
r8_seed1_held,set2_stage3_r8_retrieval_seed1_held,set2_stage3_r8_standard_seed1_held,18,v_proj,0.2833501398563385,0.3023299276828766
r8_seed1_held,set2_stage3_r8_retrieval_seed1_held,set2_stage3_r8_standard_seed1_held,19,q_proj,0.2653578519821167,0.31330543756484985
r8_seed1_held,set2_stage3_r8_retrieval_seed1_held,set2_stage3_r8_standard_seed1_held,19,v_proj,0.3200971782207489,0.41506004333496094
r8_seed1_held,set2_stage3_r8_retrieval_seed1_held,set2_stage3_r8_standard_seed1_held,20,q_proj,0.24743424355983734,0.3506072759628296
r8_seed1_held,set2_stage3_r8_retrieval_seed1_held,set2_stage3_r8_standard_seed1_held,20,v_proj,0.2598923146724701,0.35496795177459717
r8_seed1_held,set2_stage3_r8_retrieval_seed1_held,set2_stage3_r8_standard_seed1_held,21,q_proj,0.19307830929756165,0.3175954818725586
r8_seed1_held,set2_stage3_r8_retrieval_seed1_held,set2_stage3_r8_standard_seed1_held,21,v_proj,0.377176433801651,0.5049636960029602
r8_seed1_held,set2_stage3_r8_retrieval_seed1_held,set2_stage3_r8_standard_seed1_held,22,q_proj,0.23642638325691223,0.2944403290748596
r8_seed1_held,set2_stage3_r8_retrieval_seed1_held,set2_stage3_r8_standard_seed1_held,22,v_proj,0.43713805079460144,0.4553765654563904
r8_seed1_held,set2_stage3_r8_retrieval_seed1_held,set2_stage3_r8_standard_seed1_held,23,q_proj,0.23705297708511353,0.3385419547557831
r8_seed1_held,set2_stage3_r8_retrieval_seed1_held,set2_stage3_r8_standard_seed1_held,23,v_proj,0.1699943095445633,0.4778667688369751
r8_seed2,set2_stage3_r8_retrieval_seed2,set2_stage3_r8_standard_seed2,0,q_proj,0.30845844745635986,0.35058578848838806
r8_seed2,set2_stage3_r8_retrieval_seed2,set2_stage3_r8_standard_seed2,0,v_proj,0.2435981035232544,0.4196067452430725
r8_seed2,set2_stage3_r8_retrieval_seed2,set2_stage3_r8_standard_seed2,1,q_proj,0.2350996881723404,0.3235515058040619
r8_seed2,set2_stage3_r8_retrieval_seed2,set2_stage3_r8_standard_seed2,1,v_proj,0.12685531377792358,0.3137200176715851
r8_seed2,set2_stage3_r8_retrieval_seed2,set2_stage3_r8_standard_seed2,2,q_proj,0.20523810386657715,0.2559850811958313
r8_seed2,set2_stage3_r8_retrieval_seed2,set2_stage3_r8_standard_seed2,2,v_proj,0.061483729630708694,0.3100495934486389
r8_seed2,set2_stage3_r8_retrieval_seed2,set2_stage3_r8_standard_seed2,3,q_proj,0.07319082319736481,0.16126209497451782
r8_seed2,set2_stage3_r8_retrieval_seed2,set2_stage3_r8_standard_seed2,3,v_proj,0.16829326748847961,0.2776719927787781
r8_seed2,set2_stage3_r8_retrieval_seed2,set2_stage3_r8_standard_seed2,4,q_proj,0.08100966364145279,0.27308982610702515
r8_seed2,set2_stage3_r8_retrieval_seed2,set2_stage3_r8_standard_seed2,4,v_proj,0.30205199122428894,0.38293778896331787
r8_seed2,set2_stage3_r8_retrieval_seed2,set2_stage3_r8_standard_seed2,5,q_proj,0.12084047496318817,0.1911742091178894
r8_seed2,set2_stage3_r8_retrieval_seed2,set2_stage3_r8_standard_seed2,5,v_proj,0.24801118671894073,0.3115871250629425
r8_seed2,set2_stage3_r8_retrieval_seed2,set2_stage3_r8_standard_seed2,6,q_proj,0.1538647711277008,0.19171534478664398
r8_seed2,set2_stage3_r8_retrieval_seed2,set2_stage3_r8_standard_seed2,6,v_proj,0.24627354741096497,0.3084370791912079
r8_seed2,set2_stage3_r8_retrieval_seed2,set2_stage3_r8_standard_seed2,7,q_proj,0.12474016845226288,0.21618019044399261
r8_seed2,set2_stage3_r8_retrieval_seed2,set2_stage3_r8_standard_seed2,7,v_proj,0.3769989013671875,0.4255144000053406
r8_seed2,set2_stage3_r8_retrieval_seed2,set2_stage3_r8_standard_seed2,8,q_proj,0.0755654126405716,0.15000098943710327
r8_seed2,set2_stage3_r8_retrieval_seed2,set2_stage3_r8_standard_seed2,8,v_proj,0.3085024654865265,0.37407422065734863
r8_seed2,set2_stage3_r8_retrieval_seed2,set2_stage3_r8_standard_seed2,9,q_proj,0.1982593983411789,0.23181457817554474
r8_seed2,set2_stage3_r8_retrieval_seed2,set2_stage3_r8_standard_seed2,9,v_proj,0.3373187184333801,0.3495063781738281
r8_seed2,set2_stage3_r8_retrieval_seed2,set2_stage3_r8_standard_seed2,10,q_proj,0.15570782124996185,0.19184240698814392
r8_seed2,set2_stage3_r8_retrieval_seed2,set2_stage3_r8_standard_seed2,10,v_proj,0.20538896322250366,0.2432188242673874
r8_seed2,set2_stage3_r8_retrieval_seed2,set2_stage3_r8_standard_seed2,11,q_proj,0.08449723571538925,0.18547208607196808
r8_seed2,set2_stage3_r8_retrieval_seed2,set2_stage3_r8_standard_seed2,11,v_proj,0.2557293772697449,0.3444533050060272
r8_seed2,set2_stage3_r8_retrieval_seed2,set2_stage3_r8_standard_seed2,12,q_proj,0.1716281622648239,0.3086218237876892
r8_seed2,set2_stage3_r8_retrieval_seed2,set2_stage3_r8_standard_seed2,12,v_proj,0.21794475615024567,0.2837374210357666
r8_seed2,set2_stage3_r8_retrieval_seed2,set2_stage3_r8_standard_seed2,13,q_proj,0.15890248119831085,0.2336803376674652
r8_seed2,set2_stage3_r8_retrieval_seed2,set2_stage3_r8_standard_seed2,13,v_proj,0.391997367143631,0.42604029178619385
r8_seed2,set2_stage3_r8_retrieval_seed2,set2_stage3_r8_standard_seed2,14,q_proj,0.1522732377052307,0.24610355496406555
r8_seed2,set2_stage3_r8_retrieval_seed2,set2_stage3_r8_standard_seed2,14,v_proj,0.38071170449256897,0.468402624130249
r8_seed2,set2_stage3_r8_retrieval_seed2,set2_stage3_r8_standard_seed2,15,q_proj,0.12097808718681335,0.23865467309951782
r8_seed2,set2_stage3_r8_retrieval_seed2,set2_stage3_r8_standard_seed2,15,v_proj,0.3647838234901428,0.40257829427719116
r8_seed2,set2_stage3_r8_retrieval_seed2,set2_stage3_r8_standard_seed2,16,q_proj,0.1474275141954422,0.22417017817497253
r8_seed2,set2_stage3_r8_retrieval_seed2,set2_stage3_r8_standard_seed2,16,v_proj,0.26303407549858093,0.3621005415916443
r8_seed2,set2_stage3_r8_retrieval_seed2,set2_stage3_r8_standard_seed2,17,q_proj,0.41050446033477783,0.41050446033477783
r8_seed2,set2_stage3_r8_retrieval_seed2,set2_stage3_r8_standard_seed2,17,v_proj,0.41820788383483887,0.5186718702316284
r8_seed2,set2_stage3_r8_retrieval_seed2,set2_stage3_r8_standard_seed2,18,q_proj,0.2179606556892395,0.28253430128097534
r8_seed2,set2_stage3_r8_retrieval_seed2,set2_stage3_r8_standard_seed2,18,v_proj,0.2305537462234497,0.2968992590904236
r8_seed2,set2_stage3_r8_retrieval_seed2,set2_stage3_r8_standard_seed2,19,q_proj,0.2626892328262329,0.3052670359611511
r8_seed2,set2_stage3_r8_retrieval_seed2,set2_stage3_r8_standard_seed2,19,v_proj,0.3768288195133209,0.38674870133399963
r8_seed2,set2_stage3_r8_retrieval_seed2,set2_stage3_r8_standard_seed2,20,q_proj,0.2853388786315918,0.3339153230190277
r8_seed2,set2_stage3_r8_retrieval_seed2,set2_stage3_r8_standard_seed2,20,v_proj,0.39087826013565063,0.47064799070358276
r8_seed2,set2_stage3_r8_retrieval_seed2,set2_stage3_r8_standard_seed2,21,q_proj,0.32102739810943604,0.3261282444000244
r8_seed2,set2_stage3_r8_retrieval_seed2,set2_stage3_r8_standard_seed2,21,v_proj,0.2611463665962219,0.48206114768981934
r8_seed2,set2_stage3_r8_retrieval_seed2,set2_stage3_r8_standard_seed2,22,q_proj,0.2252081036567688,0.27298688888549805
r8_seed2,set2_stage3_r8_retrieval_seed2,set2_stage3_r8_standard_seed2,22,v_proj,0.23616963624954224,0.4812352657318115
r8_seed2,set2_stage3_r8_retrieval_seed2,set2_stage3_r8_standard_seed2,23,q_proj,0.3044281601905823,0.34984856843948364
r8_seed2,set2_stage3_r8_retrieval_seed2,set2_stage3_r8_standard_seed2,23,v_proj,0.40319541096687317,0.4856463372707367
r32,set2_stage3_r32_retrieval,set2_stage3_r32_standard,0,q_proj,0.25519198179244995,0.4453747272491455
r32,set2_stage3_r32_retrieval,set2_stage3_r32_standard,0,v_proj,0.2496456354856491,0.27689114212989807
r32,set2_stage3_r32_retrieval,set2_stage3_r32_standard,1,q_proj,0.22425831854343414,0.23042412102222443
r32,set2_stage3_r32_retrieval,set2_stage3_r32_standard,1,v_proj,0.12966957688331604,0.2408525049686432
r32,set2_stage3_r32_retrieval,set2_stage3_r32_standard,2,q_proj,0.08619587868452072,0.22000235319137573
r32,set2_stage3_r32_retrieval,set2_stage3_r32_standard,2,v_proj,0.14152203500270844,0.20311690866947174
r32,set2_stage3_r32_retrieval,set2_stage3_r32_standard,3,q_proj,0.11411954462528229,0.1468297690153122
r32,set2_stage3_r32_retrieval,set2_stage3_r32_standard,3,v_proj,0.15463735163211823,0.284201055765152
r32,set2_stage3_r32_retrieval,set2_stage3_r32_standard,4,q_proj,0.043830204755067825,0.14974863827228546
r32,set2_stage3_r32_retrieval,set2_stage3_r32_standard,4,v_proj,0.26685696840286255,0.3232995569705963
r32,set2_stage3_r32_retrieval,set2_stage3_r32_standard,5,q_proj,0.11594709008932114,0.18839946389198303
r32,set2_stage3_r32_retrieval,set2_stage3_r32_standard,5,v_proj,0.21134285628795624,0.303884357213974
r32,set2_stage3_r32_retrieval,set2_stage3_r32_standard,6,q_proj,0.08901605755090714,0.21634097397327423
r32,set2_stage3_r32_retrieval,set2_stage3_r32_standard,6,v_proj,0.1324809193611145,0.2775079607963562
r32,set2_stage3_r32_retrieval,set2_stage3_r32_standard,7,q_proj,0.13381774723529816,0.21044686436653137
r32,set2_stage3_r32_retrieval,set2_stage3_r32_standard,7,v_proj,0.28913450241088867,0.30867189168930054
r32,set2_stage3_r32_retrieval,set2_stage3_r32_standard,8,q_proj,0.09880281239748001,0.20833423733711243
r32,set2_stage3_r32_retrieval,set2_stage3_r32_standard,8,v_proj,0.18498334288597107,0.2907508611679077
r32,set2_stage3_r32_retrieval,set2_stage3_r32_standard,9,q_proj,0.05620546266436577,0.16310743987560272
r32,set2_stage3_r32_retrieval,set2_stage3_r32_standard,9,v_proj,0.27146586775779724,0.2903907299041748
r32,set2_stage3_r32_retrieval,set2_stage3_r32_standard,10,q_proj,0.12375392764806747,0.16855421662330627
r32,set2_stage3_r32_retrieval,set2_stage3_r32_standard,10,v_proj,0.16402992606163025,0.2638612687587738
r32,set2_stage3_r32_retrieval,set2_stage3_r32_standard,11,q_proj,0.05625968426465988,0.14464890956878662
r32,set2_stage3_r32_retrieval,set2_stage3_r32_standard,11,v_proj,0.19817784428596497,0.24484945833683014
r32,set2_stage3_r32_retrieval,set2_stage3_r32_standard,12,q_proj,0.2099820226430893,0.2804522216320038
r32,set2_stage3_r32_retrieval,set2_stage3_r32_standard,12,v_proj,0.2834857106208801,0.31455737352371216
r32,set2_stage3_r32_retrieval,set2_stage3_r32_standard,13,q_proj,0.09886094182729721,0.1730663776397705
r32,set2_stage3_r32_retrieval,set2_stage3_r32_standard,13,v_proj,0.28419193625450134,0.384992778301239
r32,set2_stage3_r32_retrieval,set2_stage3_r32_standard,14,q_proj,0.22798943519592285,0.2734522223472595
r32,set2_stage3_r32_retrieval,set2_stage3_r32_standard,14,v_proj,0.24865572154521942,0.33585435152053833
r32,set2_stage3_r32_retrieval,set2_stage3_r32_standard,15,q_proj,0.16249847412109375,0.18293675780296326
r32,set2_stage3_r32_retrieval,set2_stage3_r32_standard,15,v_proj,0.2662695348262787,0.36197713017463684
r32,set2_stage3_r32_retrieval,set2_stage3_r32_standard,16,q_proj,0.02830716036260128,0.15199732780456543
r32,set2_stage3_r32_retrieval,set2_stage3_r32_standard,16,v_proj,0.2582939863204956,0.26597028970718384
r32,set2_stage3_r32_retrieval,set2_stage3_r32_standard,17,q_proj,0.24415548145771027,0.288587749004364
r32,set2_stage3_r32_retrieval,set2_stage3_r32_standard,17,v_proj,0.3593553602695465,0.4737274646759033
r32,set2_stage3_r32_retrieval,set2_stage3_r32_standard,18,q_proj,0.19927161931991577,0.21551236510276794
r32,set2_stage3_r32_retrieval,set2_stage3_r32_standard,18,v_proj,0.122504323720932,0.29948127269744873
r32,set2_stage3_r32_retrieval,set2_stage3_r32_standard,19,q_proj,0.1586572825908661,0.26305511593818665
r32,set2_stage3_r32_retrieval,set2_stage3_r32_standard,19,v_proj,0.17296195030212402,0.4100542664527893
r32,set2_stage3_r32_retrieval,set2_stage3_r32_standard,20,q_proj,0.1216370090842247,0.2767135202884674
r32,set2_stage3_r32_retrieval,set2_stage3_r32_standard,20,v_proj,0.2689012587070465,0.29015132784843445
r32,set2_stage3_r32_retrieval,set2_stage3_r32_standard,21,q_proj,0.3383849263191223,0.3562469780445099
r32,set2_stage3_r32_retrieval,set2_stage3_r32_standard,21,v_proj,0.3538898825645447,0.42861631512641907
r32,set2_stage3_r32_retrieval,set2_stage3_r32_standard,22,q_proj,0.24902600049972534,0.27665093541145325
r32,set2_stage3_r32_retrieval,set2_stage3_r32_standard,22,v_proj,0.4387100040912628,0.4387100040912628
r32,set2_stage3_r32_retrieval,set2_stage3_r32_standard,23,q_proj,0.12683570384979248,0.3035629987716675
r32,set2_stage3_r32_retrieval,set2_stage3_r32_standard,23,v_proj,0.18883180618286133,0.4016508460044861
r8_random,set2_stage3_r8_retrieval_random,set2_stage3_r8_standard_random,0,q_proj,0.2942356467247009,0.4140188992023468
r8_random,set2_stage3_r8_retrieval_random,set2_stage3_r8_standard_random,0,v_proj,0.22596725821495056,0.3414761424064636
r8_random,set2_stage3_r8_retrieval_random,set2_stage3_r8_standard_random,1,q_proj,0.15603578090667725,0.2667674422264099
r8_random,set2_stage3_r8_retrieval_random,set2_stage3_r8_standard_random,1,v_proj,0.10138395428657532,0.34874191880226135
r8_random,set2_stage3_r8_retrieval_random,set2_stage3_r8_standard_random,2,q_proj,0.15299290418624878,0.21325471997261047
r8_random,set2_stage3_r8_retrieval_random,set2_stage3_r8_standard_random,2,v_proj,0.2981717586517334,0.32367417216300964
r8_random,set2_stage3_r8_retrieval_random,set2_stage3_r8_standard_random,3,q_proj,0.11477324366569519,0.222920760512352
r8_random,set2_stage3_r8_retrieval_random,set2_stage3_r8_standard_random,3,v_proj,0.1466815173625946,0.2915678024291992
r8_random,set2_stage3_r8_retrieval_random,set2_stage3_r8_standard_random,4,q_proj,0.16258306801319122,0.19914975762367249
r8_random,set2_stage3_r8_retrieval_random,set2_stage3_r8_standard_random,4,v_proj,0.34014999866485596,0.43481409549713135
r8_random,set2_stage3_r8_retrieval_random,set2_stage3_r8_standard_random,5,q_proj,0.06189130246639252,0.28880730271339417
r8_random,set2_stage3_r8_retrieval_random,set2_stage3_r8_standard_random,5,v_proj,0.3096979558467865,0.3735540509223938
r8_random,set2_stage3_r8_retrieval_random,set2_stage3_r8_standard_random,6,q_proj,0.22840091586112976,0.3024802803993225
r8_random,set2_stage3_r8_retrieval_random,set2_stage3_r8_standard_random,6,v_proj,0.24498936533927917,0.388079971075058
r8_random,set2_stage3_r8_retrieval_random,set2_stage3_r8_standard_random,7,q_proj,0.1517220288515091,0.2581508457660675
r8_random,set2_stage3_r8_retrieval_random,set2_stage3_r8_standard_random,7,v_proj,0.27229031920433044,0.377901554107666
r8_random,set2_stage3_r8_retrieval_random,set2_stage3_r8_standard_random,8,q_proj,0.1438797116279602,0.24283310770988464
r8_random,set2_stage3_r8_retrieval_random,set2_stage3_r8_standard_random,8,v_proj,0.22554366290569305,0.26685935258865356
r8_random,set2_stage3_r8_retrieval_random,set2_stage3_r8_standard_random,9,q_proj,0.1644403636455536,0.17400261759757996
r8_random,set2_stage3_r8_retrieval_random,set2_stage3_r8_standard_random,9,v_proj,0.2906712293624878,0.3328321576118469
r8_random,set2_stage3_r8_retrieval_random,set2_stage3_r8_standard_random,10,q_proj,0.17111803591251373,0.2548746168613434
r8_random,set2_stage3_r8_retrieval_random,set2_stage3_r8_standard_random,10,v_proj,0.14988547563552856,0.2917509078979492
r8_random,set2_stage3_r8_retrieval_random,set2_stage3_r8_standard_random,11,q_proj,0.15436798334121704,0.18623436987400055
r8_random,set2_stage3_r8_retrieval_random,set2_stage3_r8_standard_random,11,v_proj,0.2901487648487091,0.3134683072566986
r8_random,set2_stage3_r8_retrieval_random,set2_stage3_r8_standard_random,12,q_proj,0.25925031304359436,0.3479120433330536
r8_random,set2_stage3_r8_retrieval_random,set2_stage3_r8_standard_random,12,v_proj,0.3891337811946869,0.43776237964630127
r8_random,set2_stage3_r8_retrieval_random,set2_stage3_r8_standard_random,13,q_proj,0.12934955954551697,0.2448791265487671
r8_random,set2_stage3_r8_retrieval_random,set2_stage3_r8_standard_random,13,v_proj,0.07228158414363861,0.4131932258605957
r8_random,set2_stage3_r8_retrieval_random,set2_stage3_r8_standard_random,14,q_proj,0.11525506526231766,0.2944999933242798
r8_random,set2_stage3_r8_retrieval_random,set2_stage3_r8_standard_random,14,v_proj,0.29996374249458313,0.38847461342811584
r8_random,set2_stage3_r8_retrieval_random,set2_stage3_r8_standard_random,15,q_proj,0.25433704257011414,0.3215261697769165
r8_random,set2_stage3_r8_retrieval_random,set2_stage3_r8_standard_random,15,v_proj,0.39989736676216125,0.41930240392684937
r8_random,set2_stage3_r8_retrieval_random,set2_stage3_r8_standard_random,16,q_proj,0.15048685669898987,0.23124629259109497
r8_random,set2_stage3_r8_retrieval_random,set2_stage3_r8_standard_random,16,v_proj,0.3879268765449524,0.4570983052253723
r8_random,set2_stage3_r8_retrieval_random,set2_stage3_r8_standard_random,17,q_proj,0.38335520029067993,0.38335520029067993
r8_random,set2_stage3_r8_retrieval_random,set2_stage3_r8_standard_random,17,v_proj,0.35814914107322693,0.3936317563056946
r8_random,set2_stage3_r8_retrieval_random,set2_stage3_r8_standard_random,18,q_proj,0.31651777029037476,0.33451569080352783
r8_random,set2_stage3_r8_retrieval_random,set2_stage3_r8_standard_random,18,v_proj,0.3676165044307709,0.40569281578063965
r8_random,set2_stage3_r8_retrieval_random,set2_stage3_r8_standard_random,19,q_proj,0.3518853485584259,0.38586902618408203
r8_random,set2_stage3_r8_retrieval_random,set2_stage3_r8_standard_random,19,v_proj,0.22785669565200806,0.5049983263015747
r8_random,set2_stage3_r8_retrieval_random,set2_stage3_r8_standard_random,20,q_proj,0.301155686378479,0.3023041784763336
r8_random,set2_stage3_r8_retrieval_random,set2_stage3_r8_standard_random,20,v_proj,0.2981419861316681,0.384854793548584
r8_random,set2_stage3_r8_retrieval_random,set2_stage3_r8_standard_random,21,q_proj,0.15278080105781555,0.3472488820552826
r8_random,set2_stage3_r8_retrieval_random,set2_stage3_r8_standard_random,21,v_proj,0.29022037982940674,0.47945213317871094
r8_random,set2_stage3_r8_retrieval_random,set2_stage3_r8_standard_random,22,q_proj,0.23373731970787048,0.24998316168785095
r8_random,set2_stage3_r8_retrieval_random,set2_stage3_r8_standard_random,22,v_proj,0.426939994096756,0.47469282150268555
r8_random,set2_stage3_r8_retrieval_random,set2_stage3_r8_standard_random,23,q_proj,0.337098091840744,0.3525536358356476
r8_random,set2_stage3_r8_retrieval_random,set2_stage3_r8_standard_random,23,v_proj,0.22431927919387817,0.4298360049724579
r8_mastered,set2_stage3_r8_retrieval_seed1_held,set2_stage3_r8_standard_mastered,0,q_proj,0.4586792290210724,0.5159732103347778
r8_mastered,set2_stage3_r8_retrieval_seed1_held,set2_stage3_r8_standard_mastered,0,v_proj,0.19302944839000702,0.3382440507411957
r8_mastered,set2_stage3_r8_retrieval_seed1_held,set2_stage3_r8_standard_mastered,1,q_proj,0.17081914842128754,0.2944323420524597
r8_mastered,set2_stage3_r8_retrieval_seed1_held,set2_stage3_r8_standard_mastered,1,v_proj,0.24844497442245483,0.37800782918930054
r8_mastered,set2_stage3_r8_retrieval_seed1_held,set2_stage3_r8_standard_mastered,2,q_proj,0.06225227564573288,0.2111205756664276
r8_mastered,set2_stage3_r8_retrieval_seed1_held,set2_stage3_r8_standard_mastered,2,v_proj,0.35104143619537354,0.35104143619537354
r8_mastered,set2_stage3_r8_retrieval_seed1_held,set2_stage3_r8_standard_mastered,3,q_proj,0.2146187573671341,0.2341291606426239
r8_mastered,set2_stage3_r8_retrieval_seed1_held,set2_stage3_r8_standard_mastered,3,v_proj,0.1634543091058731,0.3179306983947754
r8_mastered,set2_stage3_r8_retrieval_seed1_held,set2_stage3_r8_standard_mastered,4,q_proj,0.114151731133461,0.16981306672096252
r8_mastered,set2_stage3_r8_retrieval_seed1_held,set2_stage3_r8_standard_mastered,4,v_proj,0.32098010182380676,0.4107978045940399
r8_mastered,set2_stage3_r8_retrieval_seed1_held,set2_stage3_r8_standard_mastered,5,q_proj,0.1897146999835968,0.2216414213180542
r8_mastered,set2_stage3_r8_retrieval_seed1_held,set2_stage3_r8_standard_mastered,5,v_proj,0.2834661602973938,0.33295077085494995
r8_mastered,set2_stage3_r8_retrieval_seed1_held,set2_stage3_r8_standard_mastered,6,q_proj,0.18519455194473267,0.2972854673862457
r8_mastered,set2_stage3_r8_retrieval_seed1_held,set2_stage3_r8_standard_mastered,6,v_proj,0.37196066975593567,0.3914254307746887
r8_mastered,set2_stage3_r8_retrieval_seed1_held,set2_stage3_r8_standard_mastered,7,q_proj,0.16346387565135956,0.27467429637908936
r8_mastered,set2_stage3_r8_retrieval_seed1_held,set2_stage3_r8_standard_mastered,7,v_proj,0.20569062232971191,0.3068273663520813
r8_mastered,set2_stage3_r8_retrieval_seed1_held,set2_stage3_r8_standard_mastered,8,q_proj,0.15223698318004608,0.21773897111415863
r8_mastered,set2_stage3_r8_retrieval_seed1_held,set2_stage3_r8_standard_mastered,8,v_proj,0.24494630098342896,0.35608968138694763
r8_mastered,set2_stage3_r8_retrieval_seed1_held,set2_stage3_r8_standard_mastered,9,q_proj,0.09514284878969193,0.1861678808927536
r8_mastered,set2_stage3_r8_retrieval_seed1_held,set2_stage3_r8_standard_mastered,9,v_proj,0.29800868034362793,0.302097350358963
r8_mastered,set2_stage3_r8_retrieval_seed1_held,set2_stage3_r8_standard_mastered,10,q_proj,0.1074133962392807,0.1578909456729889
r8_mastered,set2_stage3_r8_retrieval_seed1_held,set2_stage3_r8_standard_mastered,10,v_proj,0.22136181592941284,0.32324865460395813
r8_mastered,set2_stage3_r8_retrieval_seed1_held,set2_stage3_r8_standard_mastered,11,q_proj,0.13619261980056763,0.1813027709722519
r8_mastered,set2_stage3_r8_retrieval_seed1_held,set2_stage3_r8_standard_mastered,11,v_proj,0.15118642151355743,0.23853372037410736
r8_mastered,set2_stage3_r8_retrieval_seed1_held,set2_stage3_r8_standard_mastered,12,q_proj,0.25930091738700867,0.356819748878479
r8_mastered,set2_stage3_r8_retrieval_seed1_held,set2_stage3_r8_standard_mastered,12,v_proj,0.292932391166687,0.36328402161598206
r8_mastered,set2_stage3_r8_retrieval_seed1_held,set2_stage3_r8_standard_mastered,13,q_proj,0.21053576469421387,0.21166497468948364
r8_mastered,set2_stage3_r8_retrieval_seed1_held,set2_stage3_r8_standard_mastered,13,v_proj,0.32897886633872986,0.33629271388053894
r8_mastered,set2_stage3_r8_retrieval_seed1_held,set2_stage3_r8_standard_mastered,14,q_proj,0.20441323518753052,0.3271467983722687
r8_mastered,set2_stage3_r8_retrieval_seed1_held,set2_stage3_r8_standard_mastered,14,v_proj,0.23810063302516937,0.35112273693084717
r8_mastered,set2_stage3_r8_retrieval_seed1_held,set2_stage3_r8_standard_mastered,15,q_proj,0.19571366906166077,0.26390284299850464
r8_mastered,set2_stage3_r8_retrieval_seed1_held,set2_stage3_r8_standard_mastered,15,v_proj,0.3141385018825531,0.3805166482925415
r8_mastered,set2_stage3_r8_retrieval_seed1_held,set2_stage3_r8_standard_mastered,16,q_proj,0.13790187239646912,0.19636403024196625
r8_mastered,set2_stage3_r8_retrieval_seed1_held,set2_stage3_r8_standard_mastered,16,v_proj,0.2543899416923523,0.3472708463668823
r8_mastered,set2_stage3_r8_retrieval_seed1_held,set2_stage3_r8_standard_mastered,17,q_proj,0.3238234519958496,0.39874202013015747
r8_mastered,set2_stage3_r8_retrieval_seed1_held,set2_stage3_r8_standard_mastered,17,v_proj,0.385282427072525,0.46604523062705994
r8_mastered,set2_stage3_r8_retrieval_seed1_held,set2_stage3_r8_standard_mastered,18,q_proj,0.12735280394554138,0.316006600856781
r8_mastered,set2_stage3_r8_retrieval_seed1_held,set2_stage3_r8_standard_mastered,18,v_proj,0.3361310362815857,0.3793991208076477
r8_mastered,set2_stage3_r8_retrieval_seed1_held,set2_stage3_r8_standard_mastered,19,q_proj,0.2720247209072113,0.316650927066803
r8_mastered,set2_stage3_r8_retrieval_seed1_held,set2_stage3_r8_standard_mastered,19,v_proj,0.30241331458091736,0.4685916602611542
r8_mastered,set2_stage3_r8_retrieval_seed1_held,set2_stage3_r8_standard_mastered,20,q_proj,0.27851423621177673,0.3423578143119812
r8_mastered,set2_stage3_r8_retrieval_seed1_held,set2_stage3_r8_standard_mastered,20,v_proj,0.3043355345726013,0.4671034812927246
r8_mastered,set2_stage3_r8_retrieval_seed1_held,set2_stage3_r8_standard_mastered,21,q_proj,0.1791938841342926,0.2974275052547455
r8_mastered,set2_stage3_r8_retrieval_seed1_held,set2_stage3_r8_standard_mastered,21,v_proj,0.1969619244337082,0.5195387005805969
r8_mastered,set2_stage3_r8_retrieval_seed1_held,set2_stage3_r8_standard_mastered,22,q_proj,0.20353294909000397,0.3288758397102356
r8_mastered,set2_stage3_r8_retrieval_seed1_held,set2_stage3_r8_standard_mastered,22,v_proj,0.4245843291282654,0.49850237369537354
r8_mastered,set2_stage3_r8_retrieval_seed1_held,set2_stage3_r8_standard_mastered,23,q_proj,0.22881323099136353,0.2825047969818115
r8_mastered,set2_stage3_r8_retrieval_seed1_held,set2_stage3_r8_standard_mastered,23,v_proj,0.4350942373275757,0.4944325089454651
Q1_easy,set1_quartile_1_easy_retrievalpractice,set1_quartile_1_easy_standardft,0,q_proj,0.34964680671691895,0.3652329444885254
Q1_easy,set1_quartile_1_easy_retrievalpractice,set1_quartile_1_easy_standardft,0,v_proj,0.09561063349246979,0.3211958408355713
Q1_easy,set1_quartile_1_easy_retrievalpractice,set1_quartile_1_easy_standardft,1,q_proj,0.15704087913036346,0.18355479836463928
Q1_easy,set1_quartile_1_easy_retrievalpractice,set1_quartile_1_easy_standardft,1,v_proj,0.2371436357498169,0.28325051069259644
Q1_easy,set1_quartile_1_easy_retrievalpractice,set1_quartile_1_easy_standardft,2,q_proj,0.05276640132069588,0.1819235235452652
Q1_easy,set1_quartile_1_easy_retrievalpractice,set1_quartile_1_easy_standardft,2,v_proj,0.20791295170783997,0.24944281578063965
Q1_easy,set1_quartile_1_easy_retrievalpractice,set1_quartile_1_easy_standardft,3,q_proj,0.0833907425403595,0.14026039838790894
Q1_easy,set1_quartile_1_easy_retrievalpractice,set1_quartile_1_easy_standardft,3,v_proj,0.05197988450527191,0.24358078837394714
Q1_easy,set1_quartile_1_easy_retrievalpractice,set1_quartile_1_easy_standardft,4,q_proj,0.09572286158800125,0.15272802114486694
Q1_easy,set1_quartile_1_easy_retrievalpractice,set1_quartile_1_easy_standardft,4,v_proj,0.12260130047798157,0.23937003314495087
Q1_easy,set1_quartile_1_easy_retrievalpractice,set1_quartile_1_easy_standardft,5,q_proj,0.13423405587673187,0.1652914434671402
Q1_easy,set1_quartile_1_easy_retrievalpractice,set1_quartile_1_easy_standardft,5,v_proj,0.18196171522140503,0.3079130947589874
Q1_easy,set1_quartile_1_easy_retrievalpractice,set1_quartile_1_easy_standardft,6,q_proj,0.07405883073806763,0.21074943244457245
Q1_easy,set1_quartile_1_easy_retrievalpractice,set1_quartile_1_easy_standardft,6,v_proj,0.20551693439483643,0.332843542098999
Q1_easy,set1_quartile_1_easy_retrievalpractice,set1_quartile_1_easy_standardft,7,q_proj,0.07353919744491577,0.14777261018753052
Q1_easy,set1_quartile_1_easy_retrievalpractice,set1_quartile_1_easy_standardft,7,v_proj,0.12514668703079224,0.20565280318260193
Q1_easy,set1_quartile_1_easy_retrievalpractice,set1_quartile_1_easy_standardft,8,q_proj,0.08905994892120361,0.21486398577690125
Q1_easy,set1_quartile_1_easy_retrievalpractice,set1_quartile_1_easy_standardft,8,v_proj,0.20985651016235352,0.2900010943412781
Q1_easy,set1_quartile_1_easy_retrievalpractice,set1_quartile_1_easy_standardft,9,q_proj,0.1254367083311081,0.16541288793087006
Q1_easy,set1_quartile_1_easy_retrievalpractice,set1_quartile_1_easy_standardft,9,v_proj,0.13382765650749207,0.25242292881011963
Q1_easy,set1_quartile_1_easy_retrievalpractice,set1_quartile_1_easy_standardft,10,q_proj,0.12161456048488617,0.24996259808540344
Q1_easy,set1_quartile_1_easy_retrievalpractice,set1_quartile_1_easy_standardft,10,v_proj,0.11039849370718002,0.17288969457149506
Q1_easy,set1_quartile_1_easy_retrievalpractice,set1_quartile_1_easy_standardft,11,q_proj,0.051376886665821075,0.15026693046092987
Q1_easy,set1_quartile_1_easy_retrievalpractice,set1_quartile_1_easy_standardft,11,v_proj,0.11639940738677979,0.18086427450180054
Q1_easy,set1_quartile_1_easy_retrievalpractice,set1_quartile_1_easy_standardft,12,q_proj,0.10740024596452713,0.26092398166656494
Q1_easy,set1_quartile_1_easy_retrievalpractice,set1_quartile_1_easy_standardft,12,v_proj,0.2578641474246979,0.28439193964004517
Q1_easy,set1_quartile_1_easy_retrievalpractice,set1_quartile_1_easy_standardft,13,q_proj,0.13331922888755798,0.20006980001926422
Q1_easy,set1_quartile_1_easy_retrievalpractice,set1_quartile_1_easy_standardft,13,v_proj,0.22625303268432617,0.27106523513793945
Q1_easy,set1_quartile_1_easy_retrievalpractice,set1_quartile_1_easy_standardft,14,q_proj,0.0834585428237915,0.1999719887971878
Q1_easy,set1_quartile_1_easy_retrievalpractice,set1_quartile_1_easy_standardft,14,v_proj,0.1627570539712906,0.26389145851135254
Q1_easy,set1_quartile_1_easy_retrievalpractice,set1_quartile_1_easy_standardft,15,q_proj,0.1029980331659317,0.15995091199874878
Q1_easy,set1_quartile_1_easy_retrievalpractice,set1_quartile_1_easy_standardft,15,v_proj,0.11528514325618744,0.1960766762495041
Q1_easy,set1_quartile_1_easy_retrievalpractice,set1_quartile_1_easy_standardft,16,q_proj,0.04352622479200363,0.13773031532764435
Q1_easy,set1_quartile_1_easy_retrievalpractice,set1_quartile_1_easy_standardft,16,v_proj,0.16506654024124146,0.29244890809059143
Q1_easy,set1_quartile_1_easy_retrievalpractice,set1_quartile_1_easy_standardft,17,q_proj,0.21804389357566833,0.3060312271118164
Q1_easy,set1_quartile_1_easy_retrievalpractice,set1_quartile_1_easy_standardft,17,v_proj,0.2621051073074341,0.37430059909820557
Q1_easy,set1_quartile_1_easy_retrievalpractice,set1_quartile_1_easy_standardft,18,q_proj,0.19067704677581787,0.2560543417930603
Q1_easy,set1_quartile_1_easy_retrievalpractice,set1_quartile_1_easy_standardft,18,v_proj,0.1359483152627945,0.2850929796695709
Q1_easy,set1_quartile_1_easy_retrievalpractice,set1_quartile_1_easy_standardft,19,q_proj,0.19111105799674988,0.24874529242515564
Q1_easy,set1_quartile_1_easy_retrievalpractice,set1_quartile_1_easy_standardft,19,v_proj,0.33527863025665283,0.3880457878112793
Q1_easy,set1_quartile_1_easy_retrievalpractice,set1_quartile_1_easy_standardft,20,q_proj,0.20305559039115906,0.2364274561405182
Q1_easy,set1_quartile_1_easy_retrievalpractice,set1_quartile_1_easy_standardft,20,v_proj,0.15339016914367676,0.37614285945892334
Q1_easy,set1_quartile_1_easy_retrievalpractice,set1_quartile_1_easy_standardft,21,q_proj,0.08478543907403946,0.20480802655220032
Q1_easy,set1_quartile_1_easy_retrievalpractice,set1_quartile_1_easy_standardft,21,v_proj,0.5102528929710388,0.5189163088798523
Q1_easy,set1_quartile_1_easy_retrievalpractice,set1_quartile_1_easy_standardft,22,q_proj,0.1574917435646057,0.2725291848182678
Q1_easy,set1_quartile_1_easy_retrievalpractice,set1_quartile_1_easy_standardft,22,v_proj,0.44700872898101807,0.4556337594985962
Q1_easy,set1_quartile_1_easy_retrievalpractice,set1_quartile_1_easy_standardft,23,q_proj,0.23651054501533508,0.34898245334625244
Q1_easy,set1_quartile_1_easy_retrievalpractice,set1_quartile_1_easy_standardft,23,v_proj,0.325456827878952,0.3789623975753784
Q2,set1_quartile_2_retrievalpractice,set1_quartile_2_standardft,0,q_proj,0.23338961601257324,0.4179382622241974
Q2,set1_quartile_2_retrievalpractice,set1_quartile_2_standardft,0,v_proj,0.1779482662677765,0.37519410252571106
Q2,set1_quartile_2_retrievalpractice,set1_quartile_2_standardft,1,q_proj,0.21995866298675537,0.24299518764019012
Q2,set1_quartile_2_retrievalpractice,set1_quartile_2_standardft,1,v_proj,0.21897736191749573,0.30820369720458984
Q2,set1_quartile_2_retrievalpractice,set1_quartile_2_standardft,2,q_proj,0.20352911949157715,0.23967105150222778
Q2,set1_quartile_2_retrievalpractice,set1_quartile_2_standardft,2,v_proj,0.18473520874977112,0.31816551089286804
Q2,set1_quartile_2_retrievalpractice,set1_quartile_2_standardft,3,q_proj,0.09148342907428741,0.15974070131778717
Q2,set1_quartile_2_retrievalpractice,set1_quartile_2_standardft,3,v_proj,0.11651881784200668,0.2848125100135803
Q2,set1_quartile_2_retrievalpractice,set1_quartile_2_standardft,4,q_proj,0.13669562339782715,0.18767686188220978
Q2,set1_quartile_2_retrievalpractice,set1_quartile_2_standardft,4,v_proj,0.248029887676239,0.2928295135498047
Q2,set1_quartile_2_retrievalpractice,set1_quartile_2_standardft,5,q_proj,0.18633967638015747,0.22169062495231628
Q2,set1_quartile_2_retrievalpractice,set1_quartile_2_standardft,5,v_proj,0.20464441180229187,0.31771597266197205
Q2,set1_quartile_2_retrievalpractice,set1_quartile_2_standardft,6,q_proj,0.0592016726732254,0.24956586956977844
Q2,set1_quartile_2_retrievalpractice,set1_quartile_2_standardft,6,v_proj,0.1740359514951706,0.282844603061676
Q2,set1_quartile_2_retrievalpractice,set1_quartile_2_standardft,7,q_proj,0.17172124981880188,0.20593470335006714
Q2,set1_quartile_2_retrievalpractice,set1_quartile_2_standardft,7,v_proj,0.23668760061264038,0.2775239050388336
Q2,set1_quartile_2_retrievalpractice,set1_quartile_2_standardft,8,q_proj,0.10379689931869507,0.22735048830509186
Q2,set1_quartile_2_retrievalpractice,set1_quartile_2_standardft,8,v_proj,0.19117718935012817,0.3392355144023895
Q2,set1_quartile_2_retrievalpractice,set1_quartile_2_standardft,9,q_proj,0.06598613411188126,0.15843449532985687
Q2,set1_quartile_2_retrievalpractice,set1_quartile_2_standardft,9,v_proj,0.25587448477745056,0.2750643193721771
Q2,set1_quartile_2_retrievalpractice,set1_quartile_2_standardft,10,q_proj,0.1844816356897354,0.2714165449142456
Q2,set1_quartile_2_retrievalpractice,set1_quartile_2_standardft,10,v_proj,0.19866016507148743,0.3104957044124603
Q2,set1_quartile_2_retrievalpractice,set1_quartile_2_standardft,11,q_proj,0.08711883425712585,0.18912860751152039
Q2,set1_quartile_2_retrievalpractice,set1_quartile_2_standardft,11,v_proj,0.17322304844856262,0.2320600152015686
Q2,set1_quartile_2_retrievalpractice,set1_quartile_2_standardft,12,q_proj,0.17802850902080536,0.28038904070854187
Q2,set1_quartile_2_retrievalpractice,set1_quartile_2_standardft,12,v_proj,0.2168358415365219,0.4166070222854614
Q2,set1_quartile_2_retrievalpractice,set1_quartile_2_standardft,13,q_proj,0.1899276226758957,0.21607606112957
Q2,set1_quartile_2_retrievalpractice,set1_quartile_2_standardft,13,v_proj,0.25756630301475525,0.4253070652484894
Q2,set1_quartile_2_retrievalpractice,set1_quartile_2_standardft,14,q_proj,0.13707098364830017,0.27110564708709717
Q2,set1_quartile_2_retrievalpractice,set1_quartile_2_standardft,14,v_proj,0.25142040848731995,0.3769743740558624
Q2,set1_quartile_2_retrievalpractice,set1_quartile_2_standardft,15,q_proj,0.20509923994541168,0.26225724816322327
Q2,set1_quartile_2_retrievalpractice,set1_quartile_2_standardft,15,v_proj,0.3566165864467621,0.4822523593902588
Q2,set1_quartile_2_retrievalpractice,set1_quartile_2_standardft,16,q_proj,0.2264290750026703,0.28115057945251465
Q2,set1_quartile_2_retrievalpractice,set1_quartile_2_standardft,16,v_proj,0.24891777336597443,0.293793261051178
Q2,set1_quartile_2_retrievalpractice,set1_quartile_2_standardft,17,q_proj,0.2975592017173767,0.3320239782333374
Q2,set1_quartile_2_retrievalpractice,set1_quartile_2_standardft,17,v_proj,0.32868969440460205,0.3720226287841797
Q2,set1_quartile_2_retrievalpractice,set1_quartile_2_standardft,18,q_proj,0.18936926126480103,0.3270520567893982
Q2,set1_quartile_2_retrievalpractice,set1_quartile_2_standardft,18,v_proj,0.36020627617836,0.4720832109451294
Q2,set1_quartile_2_retrievalpractice,set1_quartile_2_standardft,19,q_proj,0.18718677759170532,0.2878761291503906
Q2,set1_quartile_2_retrievalpractice,set1_quartile_2_standardft,19,v_proj,0.40609851479530334,0.43233951926231384
Q2,set1_quartile_2_retrievalpractice,set1_quartile_2_standardft,20,q_proj,0.22337555885314941,0.24173486232757568
Q2,set1_quartile_2_retrievalpractice,set1_quartile_2_standardft,20,v_proj,0.40898409485816956,0.42697674036026
Q2,set1_quartile_2_retrievalpractice,set1_quartile_2_standardft,21,q_proj,0.16367000341415405,0.2676464915275574
Q2,set1_quartile_2_retrievalpractice,set1_quartile_2_standardft,21,v_proj,0.3323459029197693,0.4567876160144806
Q2,set1_quartile_2_retrievalpractice,set1_quartile_2_standardft,22,q_proj,0.1800355762243271,0.2606634497642517
Q2,set1_quartile_2_retrievalpractice,set1_quartile_2_standardft,22,v_proj,0.2025052309036255,0.452949196100235
Q2,set1_quartile_2_retrievalpractice,set1_quartile_2_standardft,23,q_proj,0.23353302478790283,0.35801297426223755
Q2,set1_quartile_2_retrievalpractice,set1_quartile_2_standardft,23,v_proj,0.37970292568206787,0.4461979568004608
Q3,set1_quartile_3_retrievalpractice,set1_quartile_3_standardft,0,q_proj,0.24513700604438782,0.5062248110771179
Q3,set1_quartile_3_retrievalpractice,set1_quartile_3_standardft,0,v_proj,0.22998428344726562,0.3537313938140869
Q3,set1_quartile_3_retrievalpractice,set1_quartile_3_standardft,1,q_proj,0.20039761066436768,0.3283328115940094
Q3,set1_quartile_3_retrievalpractice,set1_quartile_3_standardft,1,v_proj,0.33303332328796387,0.3984973132610321
Q3,set1_quartile_3_retrievalpractice,set1_quartile_3_standardft,2,q_proj,0.1683126837015152,0.20466795563697815
Q3,set1_quartile_3_retrievalpractice,set1_quartile_3_standardft,2,v_proj,0.24156157672405243,0.3020881712436676
Q3,set1_quartile_3_retrievalpractice,set1_quartile_3_standardft,3,q_proj,0.12584564089775085,0.19855931401252747
Q3,set1_quartile_3_retrievalpractice,set1_quartile_3_standardft,3,v_proj,0.14212535321712494,0.2310045063495636
Q3,set1_quartile_3_retrievalpractice,set1_quartile_3_standardft,4,q_proj,0.1585470587015152,0.2029135525226593
Q3,set1_quartile_3_retrievalpractice,set1_quartile_3_standardft,4,v_proj,0.3479839265346527,0.4060317277908325
Q3,set1_quartile_3_retrievalpractice,set1_quartile_3_standardft,5,q_proj,0.10574459284543991,0.22998228669166565
Q3,set1_quartile_3_retrievalpractice,set1_quartile_3_standardft,5,v_proj,0.2645599842071533,0.3423498272895813
Q3,set1_quartile_3_retrievalpractice,set1_quartile_3_standardft,6,q_proj,0.09195540845394135,0.2268344908952713
Q3,set1_quartile_3_retrievalpractice,set1_quartile_3_standardft,6,v_proj,0.23460300266742706,0.29183876514434814
Q3,set1_quartile_3_retrievalpractice,set1_quartile_3_standardft,7,q_proj,0.18412189185619354,0.19556377828121185
Q3,set1_quartile_3_retrievalpractice,set1_quartile_3_standardft,7,v_proj,0.3200145959854126,0.3367837965488434
Q3,set1_quartile_3_retrievalpractice,set1_quartile_3_standardft,8,q_proj,0.24954311549663544,0.24954311549663544
Q3,set1_quartile_3_retrievalpractice,set1_quartile_3_standardft,8,v_proj,0.2347375899553299,0.36399757862091064
Q3,set1_quartile_3_retrievalpractice,set1_quartile_3_standardft,9,q_proj,0.07082144916057587,0.21477234363555908
Q3,set1_quartile_3_retrievalpractice,set1_quartile_3_standardft,9,v_proj,0.13009092211723328,0.2736513018608093
Q3,set1_quartile_3_retrievalpractice,set1_quartile_3_standardft,10,q_proj,0.20977096259593964,0.299999862909317
Q3,set1_quartile_3_retrievalpractice,set1_quartile_3_standardft,10,v_proj,0.2740541398525238,0.39659273624420166
Q3,set1_quartile_3_retrievalpractice,set1_quartile_3_standardft,11,q_proj,0.12071678042411804,0.19349128007888794
Q3,set1_quartile_3_retrievalpractice,set1_quartile_3_standardft,11,v_proj,0.18373215198516846,0.2808857858181
Q3,set1_quartile_3_retrievalpractice,set1_quartile_3_standardft,12,q_proj,0.25360313057899475,0.3666628301143646
Q3,set1_quartile_3_retrievalpractice,set1_quartile_3_standardft,12,v_proj,0.2401457130908966,0.3238537907600403
Q3,set1_quartile_3_retrievalpractice,set1_quartile_3_standardft,13,q_proj,0.18284478783607483,0.2672964334487915
Q3,set1_quartile_3_retrievalpractice,set1_quartile_3_standardft,13,v_proj,0.30928558111190796,0.34014248847961426
Q3,set1_quartile_3_retrievalpractice,set1_quartile_3_standardft,14,q_proj,0.27076101303100586,0.2884869873523712
Q3,set1_quartile_3_retrievalpractice,set1_quartile_3_standardft,14,v_proj,0.1484408676624298,0.3998153507709503
Q3,set1_quartile_3_retrievalpractice,set1_quartile_3_standardft,15,q_proj,0.18234139680862427,0.22870954871177673
Q3,set1_quartile_3_retrievalpractice,set1_quartile_3_standardft,15,v_proj,0.2432434856891632,0.33049333095550537
Q3,set1_quartile_3_retrievalpractice,set1_quartile_3_standardft,16,q_proj,0.1819155365228653,0.2258685678243637
Q3,set1_quartile_3_retrievalpractice,set1_quartile_3_standardft,16,v_proj,0.283403217792511,0.3530363440513611
Q3,set1_quartile_3_retrievalpractice,set1_quartile_3_standardft,17,q_proj,0.20131635665893555,0.35099998116493225
Q3,set1_quartile_3_retrievalpractice,set1_quartile_3_standardft,17,v_proj,0.41351956129074097,0.48091965913772583
Q3,set1_quartile_3_retrievalpractice,set1_quartile_3_standardft,18,q_proj,0.26374390721321106,0.30526772141456604
Q3,set1_quartile_3_retrievalpractice,set1_quartile_3_standardft,18,v_proj,0.43667668104171753,0.44457560777664185
Q3,set1_quartile_3_retrievalpractice,set1_quartile_3_standardft,19,q_proj,0.20385414361953735,0.2990330457687378
Q3,set1_quartile_3_retrievalpractice,set1_quartile_3_standardft,19,v_proj,0.4494357109069824,0.484692245721817
Q3,set1_quartile_3_retrievalpractice,set1_quartile_3_standardft,20,q_proj,0.19025737047195435,0.23724165558815002
Q3,set1_quartile_3_retrievalpractice,set1_quartile_3_standardft,20,v_proj,0.19786015152931213,0.35349881649017334
Q3,set1_quartile_3_retrievalpractice,set1_quartile_3_standardft,21,q_proj,0.1858457624912262,0.25584617257118225
Q3,set1_quartile_3_retrievalpractice,set1_quartile_3_standardft,21,v_proj,0.5279039144515991,0.6089719533920288
Q3,set1_quartile_3_retrievalpractice,set1_quartile_3_standardft,22,q_proj,0.15104879438877106,0.29525381326675415
Q3,set1_quartile_3_retrievalpractice,set1_quartile_3_standardft,22,v_proj,0.1655832678079605,0.46097084879875183
Q3,set1_quartile_3_retrievalpractice,set1_quartile_3_standardft,23,q_proj,0.12778708338737488,0.28393253684043884
Q3,set1_quartile_3_retrievalpractice,set1_quartile_3_standardft,23,v_proj,0.2704210877418518,0.4941205382347107
Q4_hard,set1_quartile_4_hard_retrievalpractice,set1_quartile_4_hard_standardft,0,q_proj,0.28889772295951843,0.36219310760498047
Q4_hard,set1_quartile_4_hard_retrievalpractice,set1_quartile_4_hard_standardft,0,v_proj,0.16001112759113312,0.3211285471916199
Q4_hard,set1_quartile_4_hard_retrievalpractice,set1_quartile_4_hard_standardft,1,q_proj,0.13569489121437073,0.2605825662612915
Q4_hard,set1_quartile_4_hard_retrievalpractice,set1_quartile_4_hard_standardft,1,v_proj,0.2997960150241852,0.34549281001091003
Q4_hard,set1_quartile_4_hard_retrievalpractice,set1_quartile_4_hard_standardft,2,q_proj,0.17256180942058563,0.20447954535484314
Q4_hard,set1_quartile_4_hard_retrievalpractice,set1_quartile_4_hard_standardft,2,v_proj,0.3030462861061096,0.343705415725708
Q4_hard,set1_quartile_4_hard_retrievalpractice,set1_quartile_4_hard_standardft,3,q_proj,0.10121478140354156,0.1927497237920761
Q4_hard,set1_quartile_4_hard_retrievalpractice,set1_quartile_4_hard_standardft,3,v_proj,0.184052512049675,0.2793748080730438
Q4_hard,set1_quartile_4_hard_retrievalpractice,set1_quartile_4_hard_standardft,4,q_proj,0.060210175812244415,0.1695411503314972
Q4_hard,set1_quartile_4_hard_retrievalpractice,set1_quartile_4_hard_standardft,4,v_proj,0.2236766517162323,0.297204852104187
Q4_hard,set1_quartile_4_hard_retrievalpractice,set1_quartile_4_hard_standardft,5,q_proj,0.1345442831516266,0.2086372971534729
Q4_hard,set1_quartile_4_hard_retrievalpractice,set1_quartile_4_hard_standardft,5,v_proj,0.16572284698486328,0.26024460792541504
Q4_hard,set1_quartile_4_hard_retrievalpractice,set1_quartile_4_hard_standardft,6,q_proj,0.10708080232143402,0.2110932171344757
Q4_hard,set1_quartile_4_hard_retrievalpractice,set1_quartile_4_hard_standardft,6,v_proj,0.2121967375278473,0.3224904537200928
Q4_hard,set1_quartile_4_hard_retrievalpractice,set1_quartile_4_hard_standardft,7,q_proj,0.08889993280172348,0.18092584609985352
Q4_hard,set1_quartile_4_hard_retrievalpractice,set1_quartile_4_hard_standardft,7,v_proj,0.09593675285577774,0.37855151295661926
Q4_hard,set1_quartile_4_hard_retrievalpractice,set1_quartile_4_hard_standardft,8,q_proj,0.22017523646354675,0.25449103116989136
Q4_hard,set1_quartile_4_hard_retrievalpractice,set1_quartile_4_hard_standardft,8,v_proj,0.09605084359645844,0.3236352801322937
Q4_hard,set1_quartile_4_hard_retrievalpractice,set1_quartile_4_hard_standardft,9,q_proj,0.07075642794370651,0.16322483122348785
Q4_hard,set1_quartile_4_hard_retrievalpractice,set1_quartile_4_hard_standardft,9,v_proj,0.27507007122039795,0.28374001383781433
Q4_hard,set1_quartile_4_hard_retrievalpractice,set1_quartile_4_hard_standardft,10,q_proj,0.1793837547302246,0.20277553796768188
Q4_hard,set1_quartile_4_hard_retrievalpractice,set1_quartile_4_hard_standardft,10,v_proj,0.13909977674484253,0.3330540060997009
Q4_hard,set1_quartile_4_hard_retrievalpractice,set1_quartile_4_hard_standardft,11,q_proj,0.10151626914739609,0.15130917727947235
Q4_hard,set1_quartile_4_hard_retrievalpractice,set1_quartile_4_hard_standardft,11,v_proj,0.1321980208158493,0.23484446108341217
Q4_hard,set1_quartile_4_hard_retrievalpractice,set1_quartile_4_hard_standardft,12,q_proj,0.2791323661804199,0.2911531329154968
Q4_hard,set1_quartile_4_hard_retrievalpractice,set1_quartile_4_hard_standardft,12,v_proj,0.21126489341259003,0.4052472710609436
Q4_hard,set1_quartile_4_hard_retrievalpractice,set1_quartile_4_hard_standardft,13,q_proj,0.18597303330898285,0.20657013356685638
Q4_hard,set1_quartile_4_hard_retrievalpractice,set1_quartile_4_hard_standardft,13,v_proj,0.21053028106689453,0.32213443517684937
Q4_hard,set1_quartile_4_hard_retrievalpractice,set1_quartile_4_hard_standardft,14,q_proj,0.24239763617515564,0.2597090005874634
Q4_hard,set1_quartile_4_hard_retrievalpractice,set1_quartile_4_hard_standardft,14,v_proj,0.1532069742679596,0.3392846882343292
Q4_hard,set1_quartile_4_hard_retrievalpractice,set1_quartile_4_hard_standardft,15,q_proj,0.21822959184646606,0.24785912036895752
Q4_hard,set1_quartile_4_hard_retrievalpractice,set1_quartile_4_hard_standardft,15,v_proj,0.24822434782981873,0.3384683430194855
Q4_hard,set1_quartile_4_hard_retrievalpractice,set1_quartile_4_hard_standardft,16,q_proj,0.10417024791240692,0.17037348449230194
Q4_hard,set1_quartile_4_hard_retrievalpractice,set1_quartile_4_hard_standardft,16,v_proj,0.1670171022415161,0.33250224590301514
Q4_hard,set1_quartile_4_hard_retrievalpractice,set1_quartile_4_hard_standardft,17,q_proj,0.2564689815044403,0.3041270077228546
Q4_hard,set1_quartile_4_hard_retrievalpractice,set1_quartile_4_hard_standardft,17,v_proj,0.30324453115463257,0.454692006111145
Q4_hard,set1_quartile_4_hard_retrievalpractice,set1_quartile_4_hard_standardft,18,q_proj,0.1370178759098053,0.29276204109191895
Q4_hard,set1_quartile_4_hard_retrievalpractice,set1_quartile_4_hard_standardft,18,v_proj,0.2824138104915619,0.42682334780693054
Q4_hard,set1_quartile_4_hard_retrievalpractice,set1_quartile_4_hard_standardft,19,q_proj,0.2717410922050476,0.31287872791290283
Q4_hard,set1_quartile_4_hard_retrievalpractice,set1_quartile_4_hard_standardft,19,v_proj,0.3427175283432007,0.5244210958480835
Q4_hard,set1_quartile_4_hard_retrievalpractice,set1_quartile_4_hard_standardft,20,q_proj,0.16895049810409546,0.283491313457489
Q4_hard,set1_quartile_4_hard_retrievalpractice,set1_quartile_4_hard_standardft,20,v_proj,0.23315852880477905,0.3877165913581848
Q4_hard,set1_quartile_4_hard_retrievalpractice,set1_quartile_4_hard_standardft,21,q_proj,0.18116715550422668,0.26570650935173035
Q4_hard,set1_quartile_4_hard_retrievalpractice,set1_quartile_4_hard_standardft,21,v_proj,0.35299205780029297,0.45502251386642456
Q4_hard,set1_quartile_4_hard_retrievalpractice,set1_quartile_4_hard_standardft,22,q_proj,0.23673082888126373,0.25388965010643005
Q4_hard,set1_quartile_4_hard_retrievalpractice,set1_quartile_4_hard_standardft,22,v_proj,0.35025548934936523,0.3989475667476654
Q4_hard,set1_quartile_4_hard_retrievalpractice,set1_quartile_4_hard_standardft,23,q_proj,0.20395608246326447,0.30247190594673157
Q4_hard,set1_quartile_4_hard_retrievalpractice,set1_quartile_4_hard_standardft,23,v_proj,0.2695685923099518,0.43654951453208923
RP_Q1_vs_Q4,set1_quartile_1_easy_retrievalpractice,set1_quartile_4_hard_retrievalpractice,0,q_proj,0.12819862365722656,0.3202168345451355
RP_Q1_vs_Q4,set1_quartile_1_easy_retrievalpractice,set1_quartile_4_hard_retrievalpractice,0,v_proj,0.11762829124927521,0.22543534636497498
RP_Q1_vs_Q4,set1_quartile_1_easy_retrievalpractice,set1_quartile_4_hard_retrievalpractice,1,q_proj,0.04524892568588257,0.10691969841718674
RP_Q1_vs_Q4,set1_quartile_1_easy_retrievalpractice,set1_quartile_4_hard_retrievalpractice,1,v_proj,0.06596273183822632,0.14006787538528442
RP_Q1_vs_Q4,set1_quartile_1_easy_retrievalpractice,set1_quartile_4_hard_retrievalpractice,2,q_proj,0.018203696236014366,0.05899735912680626
RP_Q1_vs_Q4,set1_quartile_1_easy_retrievalpractice,set1_quartile_4_hard_retrievalpractice,2,v_proj,0.0897313803434372,0.17443262040615082
RP_Q1_vs_Q4,set1_quartile_1_easy_retrievalpractice,set1_quartile_4_hard_retrievalpractice,3,q_proj,0.04277152940630913,0.10500134527683258
RP_Q1_vs_Q4,set1_quartile_1_easy_retrievalpractice,set1_quartile_4_hard_retrievalpractice,3,v_proj,0.02554319053888321,0.13031412661075592
RP_Q1_vs_Q4,set1_quartile_1_easy_retrievalpractice,set1_quartile_4_hard_retrievalpractice,4,q_proj,0.04845087602734566,0.09300117194652557
RP_Q1_vs_Q4,set1_quartile_1_easy_retrievalpractice,set1_quartile_4_hard_retrievalpractice,4,v_proj,0.11649628728628159,0.21734443306922913
RP_Q1_vs_Q4,set1_quartile_1_easy_retrievalpractice,set1_quartile_4_hard_retrievalpractice,5,q_proj,0.024497654289007187,0.08864331990480423
RP_Q1_vs_Q4,set1_quartile_1_easy_retrievalpractice,set1_quartile_4_hard_retrievalpractice,5,v_proj,0.05478203296661377,0.1543465554714203
RP_Q1_vs_Q4,set1_quartile_1_easy_retrievalpractice,set1_quartile_4_hard_retrievalpractice,6,q_proj,0.06442361325025558,0.09923085570335388
RP_Q1_vs_Q4,set1_quartile_1_easy_retrievalpractice,set1_quartile_4_hard_retrievalpractice,6,v_proj,0.06995746493339539,0.17992910742759705
RP_Q1_vs_Q4,set1_quartile_1_easy_retrievalpractice,set1_quartile_4_hard_retrievalpractice,7,q_proj,0.07059700787067413,0.09187498688697815
RP_Q1_vs_Q4,set1_quartile_1_easy_retrievalpractice,set1_quartile_4_hard_retrievalpractice,7,v_proj,0.13243749737739563,0.15724435448646545
RP_Q1_vs_Q4,set1_quartile_1_easy_retrievalpractice,set1_quartile_4_hard_retrievalpractice,8,q_proj,0.04616955667734146,0.1318436712026596
RP_Q1_vs_Q4,set1_quartile_1_easy_retrievalpractice,set1_quartile_4_hard_retrievalpractice,8,v_proj,0.12469352036714554,0.19586141407489777
RP_Q1_vs_Q4,set1_quartile_1_easy_retrievalpractice,set1_quartile_4_hard_retrievalpractice,9,q_proj,0.028224077075719833,0.09251591563224792
RP_Q1_vs_Q4,set1_quartile_1_easy_retrievalpractice,set1_quartile_4_hard_retrievalpractice,9,v_proj,0.10025492310523987,0.14147122204303741
RP_Q1_vs_Q4,set1_quartile_1_easy_retrievalpractice,set1_quartile_4_hard_retrievalpractice,10,q_proj,0.07359408587217331,0.1159704253077507
RP_Q1_vs_Q4,set1_quartile_1_easy_retrievalpractice,set1_quartile_4_hard_retrievalpractice,10,v_proj,0.11766746640205383,0.12964287400245667
RP_Q1_vs_Q4,set1_quartile_1_easy_retrievalpractice,set1_quartile_4_hard_retrievalpractice,11,q_proj,0.026051271706819534,0.09755269438028336
RP_Q1_vs_Q4,set1_quartile_1_easy_retrievalpractice,set1_quartile_4_hard_retrievalpractice,11,v_proj,0.07067009061574936,0.13161727786064148
RP_Q1_vs_Q4,set1_quartile_1_easy_retrievalpractice,set1_quartile_4_hard_retrievalpractice,12,q_proj,0.06750136613845825,0.12304936349391937
RP_Q1_vs_Q4,set1_quartile_1_easy_retrievalpractice,set1_quartile_4_hard_retrievalpractice,12,v_proj,0.13310502469539642,0.16282719373703003
RP_Q1_vs_Q4,set1_quartile_1_easy_retrievalpractice,set1_quartile_4_hard_retrievalpractice,13,q_proj,0.06571139395236969,0.09702007472515106
RP_Q1_vs_Q4,set1_quartile_1_easy_retrievalpractice,set1_quartile_4_hard_retrievalpractice,13,v_proj,0.07287094742059708,0.17057514190673828
RP_Q1_vs_Q4,set1_quartile_1_easy_retrievalpractice,set1_quartile_4_hard_retrievalpractice,14,q_proj,0.04904227703809738,0.1254187524318695
RP_Q1_vs_Q4,set1_quartile_1_easy_retrievalpractice,set1_quartile_4_hard_retrievalpractice,14,v_proj,0.12299615144729614,0.13855119049549103
RP_Q1_vs_Q4,set1_quartile_1_easy_retrievalpractice,set1_quartile_4_hard_retrievalpractice,15,q_proj,0.06975944340229034,0.10301011800765991
RP_Q1_vs_Q4,set1_quartile_1_easy_retrievalpractice,set1_quartile_4_hard_retrievalpractice,15,v_proj,0.06788570433855057,0.1210862323641777
RP_Q1_vs_Q4,set1_quartile_1_easy_retrievalpractice,set1_quartile_4_hard_retrievalpractice,16,q_proj,0.06853537261486053,0.1222706139087677
RP_Q1_vs_Q4,set1_quartile_1_easy_retrievalpractice,set1_quartile_4_hard_retrievalpractice,16,v_proj,0.07701030373573303,0.1338147222995758
RP_Q1_vs_Q4,set1_quartile_1_easy_retrievalpractice,set1_quartile_4_hard_retrievalpractice,17,q_proj,0.028672736138105392,0.07853366434574127
RP_Q1_vs_Q4,set1_quartile_1_easy_retrievalpractice,set1_quartile_4_hard_retrievalpractice,17,v_proj,0.08331876993179321,0.14129385352134705
RP_Q1_vs_Q4,set1_quartile_1_easy_retrievalpractice,set1_quartile_4_hard_retrievalpractice,18,q_proj,0.05679558217525482,0.07766028493642807
RP_Q1_vs_Q4,set1_quartile_1_easy_retrievalpractice,set1_quartile_4_hard_retrievalpractice,18,v_proj,0.08720505237579346,0.09748472273349762
RP_Q1_vs_Q4,set1_quartile_1_easy_retrievalpractice,set1_quartile_4_hard_retrievalpractice,19,q_proj,0.05742858350276947,0.11139912158250809
RP_Q1_vs_Q4,set1_quartile_1_easy_retrievalpractice,set1_quartile_4_hard_retrievalpractice,19,v_proj,0.08483415096998215,0.15139007568359375
RP_Q1_vs_Q4,set1_quartile_1_easy_retrievalpractice,set1_quartile_4_hard_retrievalpractice,20,q_proj,0.051894694566726685,0.11302784085273743
RP_Q1_vs_Q4,set1_quartile_1_easy_retrievalpractice,set1_quartile_4_hard_retrievalpractice,20,v_proj,0.05347165837883949,0.15422168374061584
RP_Q1_vs_Q4,set1_quartile_1_easy_retrievalpractice,set1_quartile_4_hard_retrievalpractice,21,q_proj,0.04253510385751724,0.08091466128826141
RP_Q1_vs_Q4,set1_quartile_1_easy_retrievalpractice,set1_quartile_4_hard_retrievalpractice,21,v_proj,0.08960480988025665,0.16531789302825928
RP_Q1_vs_Q4,set1_quartile_1_easy_retrievalpractice,set1_quartile_4_hard_retrievalpractice,22,q_proj,0.08172523975372314,0.11236271262168884
RP_Q1_vs_Q4,set1_quartile_1_easy_retrievalpractice,set1_quartile_4_hard_retrievalpractice,22,v_proj,0.07720048725605011,0.15939778089523315
RP_Q1_vs_Q4,set1_quartile_1_easy_retrievalpractice,set1_quartile_4_hard_retrievalpractice,23,q_proj,0.02563825435936451,0.06996715813875198
RP_Q1_vs_Q4,set1_quartile_1_easy_retrievalpractice,set1_quartile_4_hard_retrievalpractice,23,v_proj,0.08617369830608368,0.15641072392463684
SFT_Q1_vs_Q4,set1_quartile_1_easy_standardft,set1_quartile_4_hard_standardft,0,q_proj,0.07227323949337006,0.24509960412979126
SFT_Q1_vs_Q4,set1_quartile_1_easy_standardft,set1_quartile_4_hard_standardft,0,v_proj,0.16850927472114563,0.2173883318901062
SFT_Q1_vs_Q4,set1_quartile_1_easy_standardft,set1_quartile_4_hard_standardft,1,q_proj,0.02403786964714527,0.13593924045562744
SFT_Q1_vs_Q4,set1_quartile_1_easy_standardft,set1_quartile_4_hard_standardft,1,v_proj,0.14460162818431854,0.19189779460430145
SFT_Q1_vs_Q4,set1_quartile_1_easy_standardft,set1_quartile_4_hard_standardft,2,q_proj,0.042860280722379684,0.07894317060709
SFT_Q1_vs_Q4,set1_quartile_1_easy_standardft,set1_quartile_4_hard_standardft,2,v_proj,0.14036241173744202,0.15943410992622375
SFT_Q1_vs_Q4,set1_quartile_1_easy_standardft,set1_quartile_4_hard_standardft,3,q_proj,0.044364504516124725,0.10029330849647522
SFT_Q1_vs_Q4,set1_quartile_1_easy_standardft,set1_quartile_4_hard_standardft,3,v_proj,0.0760553851723671,0.15107305347919464
SFT_Q1_vs_Q4,set1_quartile_1_easy_standardft,set1_quartile_4_hard_standardft,4,q_proj,0.04272279888391495,0.07861372083425522
SFT_Q1_vs_Q4,set1_quartile_1_easy_standardft,set1_quartile_4_hard_standardft,4,v_proj,0.07786943018436432,0.11274567246437073
SFT_Q1_vs_Q4,set1_quartile_1_easy_standardft,set1_quartile_4_hard_standardft,5,q_proj,0.04188938066363335,0.07671806216239929
SFT_Q1_vs_Q4,set1_quartile_1_easy_standardft,set1_quartile_4_hard_standardft,5,v_proj,0.087641142308712,0.1894257664680481
SFT_Q1_vs_Q4,set1_quartile_1_easy_standardft,set1_quartile_4_hard_standardft,6,q_proj,0.05667698383331299,0.096072256565094
SFT_Q1_vs_Q4,set1_quartile_1_easy_standardft,set1_quartile_4_hard_standardft,6,v_proj,0.041650623083114624,0.19446027278900146
SFT_Q1_vs_Q4,set1_quartile_1_easy_standardft,set1_quartile_4_hard_standardft,7,q_proj,0.04530227556824684,0.09205742180347443
SFT_Q1_vs_Q4,set1_quartile_1_easy_standardft,set1_quartile_4_hard_standardft,7,v_proj,0.1031738668680191,0.1969144493341446
SFT_Q1_vs_Q4,set1_quartile_1_easy_standardft,set1_quartile_4_hard_standardft,8,q_proj,0.04285043105483055,0.12599864602088928
SFT_Q1_vs_Q4,set1_quartile_1_easy_standardft,set1_quartile_4_hard_standardft,8,v_proj,0.15817415714263916,0.20988784730434418
SFT_Q1_vs_Q4,set1_quartile_1_easy_standardft,set1_quartile_4_hard_standardft,9,q_proj,0.0370895154774189,0.06997975707054138
SFT_Q1_vs_Q4,set1_quartile_1_easy_standardft,set1_quartile_4_hard_standardft,9,v_proj,0.11360382288694382,0.17975157499313354
SFT_Q1_vs_Q4,set1_quartile_1_easy_standardft,set1_quartile_4_hard_standardft,10,q_proj,0.09702952206134796,0.12358961254358292
SFT_Q1_vs_Q4,set1_quartile_1_easy_standardft,set1_quartile_4_hard_standardft,10,v_proj,0.04147931933403015,0.13617126643657684
SFT_Q1_vs_Q4,set1_quartile_1_easy_standardft,set1_quartile_4_hard_standardft,11,q_proj,0.02239064872264862,0.07636000216007233
SFT_Q1_vs_Q4,set1_quartile_1_easy_standardft,set1_quartile_4_hard_standardft,11,v_proj,0.1121734082698822,0.18436038494110107
SFT_Q1_vs_Q4,set1_quartile_1_easy_standardft,set1_quartile_4_hard_standardft,12,q_proj,0.05410114675760269,0.09734554588794708
SFT_Q1_vs_Q4,set1_quartile_1_easy_standardft,set1_quartile_4_hard_standardft,12,v_proj,0.08339301496744156,0.15707352757453918
SFT_Q1_vs_Q4,set1_quartile_1_easy_standardft,set1_quartile_4_hard_standardft,13,q_proj,0.06904856860637665,0.11669143289327621
SFT_Q1_vs_Q4,set1_quartile_1_easy_standardft,set1_quartile_4_hard_standardft,13,v_proj,0.10070067644119263,0.1544317603111267
SFT_Q1_vs_Q4,set1_quartile_1_easy_standardft,set1_quartile_4_hard_standardft,14,q_proj,0.058678269386291504,0.10130637884140015
SFT_Q1_vs_Q4,set1_quartile_1_easy_standardft,set1_quartile_4_hard_standardft,14,v_proj,0.03169650211930275,0.14680302143096924
SFT_Q1_vs_Q4,set1_quartile_1_easy_standardft,set1_quartile_4_hard_standardft,15,q_proj,0.06024742126464844,0.08550039678812027
SFT_Q1_vs_Q4,set1_quartile_1_easy_standardft,set1_quartile_4_hard_standardft,15,v_proj,0.040662750601768494,0.1714448630809784
SFT_Q1_vs_Q4,set1_quartile_1_easy_standardft,set1_quartile_4_hard_standardft,16,q_proj,0.06175374239683151,0.0706353485584259
SFT_Q1_vs_Q4,set1_quartile_1_easy_standardft,set1_quartile_4_hard_standardft,16,v_proj,0.06674590706825256,0.10697469860315323
SFT_Q1_vs_Q4,set1_quartile_1_easy_standardft,set1_quartile_4_hard_standardft,17,q_proj,0.04802621901035309,0.08244089782238007
SFT_Q1_vs_Q4,set1_quartile_1_easy_standardft,set1_quartile_4_hard_standardft,17,v_proj,0.10796888917684555,0.15588922798633575
SFT_Q1_vs_Q4,set1_quartile_1_easy_standardft,set1_quartile_4_hard_standardft,18,q_proj,0.044205836951732635,0.08801604807376862
SFT_Q1_vs_Q4,set1_quartile_1_easy_standardft,set1_quartile_4_hard_standardft,18,v_proj,0.07227393239736557,0.14866290986537933
SFT_Q1_vs_Q4,set1_quartile_1_easy_standardft,set1_quartile_4_hard_standardft,19,q_proj,0.025167325511574745,0.0647667795419693
SFT_Q1_vs_Q4,set1_quartile_1_easy_standardft,set1_quartile_4_hard_standardft,19,v_proj,0.17843034863471985,0.19553576409816742
SFT_Q1_vs_Q4,set1_quartile_1_easy_standardft,set1_quartile_4_hard_standardft,20,q_proj,0.06295256316661835,0.09094764292240143
SFT_Q1_vs_Q4,set1_quartile_1_easy_standardft,set1_quartile_4_hard_standardft,20,v_proj,0.08349885791540146,0.11031270027160645
SFT_Q1_vs_Q4,set1_quartile_1_easy_standardft,set1_quartile_4_hard_standardft,21,q_proj,0.06849531084299088,0.09396687150001526
SFT_Q1_vs_Q4,set1_quartile_1_easy_standardft,set1_quartile_4_hard_standardft,21,v_proj,0.08631236851215363,0.1442314088344574
SFT_Q1_vs_Q4,set1_quartile_1_easy_standardft,set1_quartile_4_hard_standardft,22,q_proj,0.02957066148519516,0.0744696855545044
SFT_Q1_vs_Q4,set1_quartile_1_easy_standardft,set1_quartile_4_hard_standardft,22,v_proj,0.128618523478508,0.16398119926452637
SFT_Q1_vs_Q4,set1_quartile_1_easy_standardft,set1_quartile_4_hard_standardft,23,q_proj,0.06215938925743103,0.0873592421412468
SFT_Q1_vs_Q4,set1_quartile_1_easy_standardft,set1_quartile_4_hard_standardft,23,v_proj,0.06661389023065567,0.13067087531089783
RP_4k_vs_8k,set2_stage3_r16_retrieval_seed1_held,set2_stage3_r16_retrieval_8k,0,q_proj,0.22285997867584229,0.4041970670223236
RP_4k_vs_8k,set2_stage3_r16_retrieval_seed1_held,set2_stage3_r16_retrieval_8k,0,v_proj,0.11809699237346649,0.27245616912841797
RP_4k_vs_8k,set2_stage3_r16_retrieval_seed1_held,set2_stage3_r16_retrieval_8k,1,q_proj,0.06367217004299164,0.23686710000038147
RP_4k_vs_8k,set2_stage3_r16_retrieval_seed1_held,set2_stage3_r16_retrieval_8k,1,v_proj,0.13594910502433777,0.3302619755268097
RP_4k_vs_8k,set2_stage3_r16_retrieval_seed1_held,set2_stage3_r16_retrieval_8k,2,q_proj,0.0686926618218422,0.18921446800231934
RP_4k_vs_8k,set2_stage3_r16_retrieval_seed1_held,set2_stage3_r16_retrieval_8k,2,v_proj,0.22270596027374268,0.26480168104171753
RP_4k_vs_8k,set2_stage3_r16_retrieval_seed1_held,set2_stage3_r16_retrieval_8k,3,q_proj,0.11312799155712128,0.1673523634672165
RP_4k_vs_8k,set2_stage3_r16_retrieval_seed1_held,set2_stage3_r16_retrieval_8k,3,v_proj,0.14899279177188873,0.27673405408859253
RP_4k_vs_8k,set2_stage3_r16_retrieval_seed1_held,set2_stage3_r16_retrieval_8k,4,q_proj,0.11339014768600464,0.15795601904392242
RP_4k_vs_8k,set2_stage3_r16_retrieval_seed1_held,set2_stage3_r16_retrieval_8k,4,v_proj,0.22821585834026337,0.3182966411113739
RP_4k_vs_8k,set2_stage3_r16_retrieval_seed1_held,set2_stage3_r16_retrieval_8k,5,q_proj,0.12378081679344177,0.19065147638320923
RP_4k_vs_8k,set2_stage3_r16_retrieval_seed1_held,set2_stage3_r16_retrieval_8k,5,v_proj,0.30545616149902344,0.3060862421989441
RP_4k_vs_8k,set2_stage3_r16_retrieval_seed1_held,set2_stage3_r16_retrieval_8k,6,q_proj,0.08521196246147156,0.2295970916748047
RP_4k_vs_8k,set2_stage3_r16_retrieval_seed1_held,set2_stage3_r16_retrieval_8k,6,v_proj,0.20304669439792633,0.2739555239677429
RP_4k_vs_8k,set2_stage3_r16_retrieval_seed1_held,set2_stage3_r16_retrieval_8k,7,q_proj,0.09311284869909286,0.18124490976333618
RP_4k_vs_8k,set2_stage3_r16_retrieval_seed1_held,set2_stage3_r16_retrieval_8k,7,v_proj,0.1352289319038391,0.25355666875839233
RP_4k_vs_8k,set2_stage3_r16_retrieval_seed1_held,set2_stage3_r16_retrieval_8k,8,q_proj,0.15074114501476288,0.18793132901191711
RP_4k_vs_8k,set2_stage3_r16_retrieval_seed1_held,set2_stage3_r16_retrieval_8k,8,v_proj,0.21297284960746765,0.32480090856552124
RP_4k_vs_8k,set2_stage3_r16_retrieval_seed1_held,set2_stage3_r16_retrieval_8k,9,q_proj,0.1375279426574707,0.15757040679454803
RP_4k_vs_8k,set2_stage3_r16_retrieval_seed1_held,set2_stage3_r16_retrieval_8k,9,v_proj,0.15724487602710724,0.30838221311569214
RP_4k_vs_8k,set2_stage3_r16_retrieval_seed1_held,set2_stage3_r16_retrieval_8k,10,q_proj,0.1239987462759018,0.1976684182882309
RP_4k_vs_8k,set2_stage3_r16_retrieval_seed1_held,set2_stage3_r16_retrieval_8k,10,v_proj,0.216956228017807,0.27213647961616516
RP_4k_vs_8k,set2_stage3_r16_retrieval_seed1_held,set2_stage3_r16_retrieval_8k,11,q_proj,0.10040229558944702,0.15489286184310913
RP_4k_vs_8k,set2_stage3_r16_retrieval_seed1_held,set2_stage3_r16_retrieval_8k,11,v_proj,0.17346909642219543,0.2602618932723999
RP_4k_vs_8k,set2_stage3_r16_retrieval_seed1_held,set2_stage3_r16_retrieval_8k,12,q_proj,0.19376808404922485,0.24108436703681946
RP_4k_vs_8k,set2_stage3_r16_retrieval_seed1_held,set2_stage3_r16_retrieval_8k,12,v_proj,0.1968538910150528,0.34750235080718994
RP_4k_vs_8k,set2_stage3_r16_retrieval_seed1_held,set2_stage3_r16_retrieval_8k,13,q_proj,0.04189310595393181,0.1333950161933899
RP_4k_vs_8k,set2_stage3_r16_retrieval_seed1_held,set2_stage3_r16_retrieval_8k,13,v_proj,0.22344693541526794,0.33180126547813416
RP_4k_vs_8k,set2_stage3_r16_retrieval_seed1_held,set2_stage3_r16_retrieval_8k,14,q_proj,0.18552537262439728,0.21078304946422577
RP_4k_vs_8k,set2_stage3_r16_retrieval_seed1_held,set2_stage3_r16_retrieval_8k,14,v_proj,0.20816831290721893,0.3628402054309845
RP_4k_vs_8k,set2_stage3_r16_retrieval_seed1_held,set2_stage3_r16_retrieval_8k,15,q_proj,0.14978265762329102,0.16762886941432953
RP_4k_vs_8k,set2_stage3_r16_retrieval_seed1_held,set2_stage3_r16_retrieval_8k,15,v_proj,0.30510392785072327,0.3547051250934601
RP_4k_vs_8k,set2_stage3_r16_retrieval_seed1_held,set2_stage3_r16_retrieval_8k,16,q_proj,0.08323634415864944,0.210750550031662
RP_4k_vs_8k,set2_stage3_r16_retrieval_seed1_held,set2_stage3_r16_retrieval_8k,16,v_proj,0.21736133098602295,0.27659276127815247
RP_4k_vs_8k,set2_stage3_r16_retrieval_seed1_held,set2_stage3_r16_retrieval_8k,17,q_proj,0.16157259047031403,0.2544691860675812
RP_4k_vs_8k,set2_stage3_r16_retrieval_seed1_held,set2_stage3_r16_retrieval_8k,17,v_proj,0.34340450167655945,0.39933401346206665
RP_4k_vs_8k,set2_stage3_r16_retrieval_seed1_held,set2_stage3_r16_retrieval_8k,18,q_proj,0.08423273265361786,0.2097887396812439
RP_4k_vs_8k,set2_stage3_r16_retrieval_seed1_held,set2_stage3_r16_retrieval_8k,18,v_proj,0.2811022400856018,0.3332746624946594
RP_4k_vs_8k,set2_stage3_r16_retrieval_seed1_held,set2_stage3_r16_retrieval_8k,19,q_proj,0.23965314030647278,0.26701611280441284
RP_4k_vs_8k,set2_stage3_r16_retrieval_seed1_held,set2_stage3_r16_retrieval_8k,19,v_proj,0.1589421033859253,0.42222175002098083
RP_4k_vs_8k,set2_stage3_r16_retrieval_seed1_held,set2_stage3_r16_retrieval_8k,20,q_proj,0.2904987037181854,0.2943479120731354
RP_4k_vs_8k,set2_stage3_r16_retrieval_seed1_held,set2_stage3_r16_retrieval_8k,20,v_proj,0.18236854672431946,0.4174174964427948
RP_4k_vs_8k,set2_stage3_r16_retrieval_seed1_held,set2_stage3_r16_retrieval_8k,21,q_proj,0.18372993171215057,0.20826570689678192
RP_4k_vs_8k,set2_stage3_r16_retrieval_seed1_held,set2_stage3_r16_retrieval_8k,21,v_proj,0.33382338285446167,0.37502652406692505
RP_4k_vs_8k,set2_stage3_r16_retrieval_seed1_held,set2_stage3_r16_retrieval_8k,22,q_proj,0.17630834877490997,0.2580364942550659
RP_4k_vs_8k,set2_stage3_r16_retrieval_seed1_held,set2_stage3_r16_retrieval_8k,22,v_proj,0.22742314636707306,0.3910328149795532
RP_4k_vs_8k,set2_stage3_r16_retrieval_seed1_held,set2_stage3_r16_retrieval_8k,23,q_proj,0.1844620257616043,0.2658836841583252
RP_4k_vs_8k,set2_stage3_r16_retrieval_seed1_held,set2_stage3_r16_retrieval_8k,23,v_proj,0.39396607875823975,0.44666069746017456
SFT_4k_vs_8k,set2_stage3_r16_standard_seed1_held,set2_stage3_r16_standard_8k,0,q_proj,0.4100401699542999,0.461111843585968
SFT_4k_vs_8k,set2_stage3_r16_standard_seed1_held,set2_stage3_r16_standard_8k,0,v_proj,0.2659846842288971,0.32968881726264954
SFT_4k_vs_8k,set2_stage3_r16_standard_seed1_held,set2_stage3_r16_standard_8k,1,q_proj,0.18947716057300568,0.2734294533729553
SFT_4k_vs_8k,set2_stage3_r16_standard_seed1_held,set2_stage3_r16_standard_8k,1,v_proj,0.04518350213766098,0.3590472936630249
SFT_4k_vs_8k,set2_stage3_r16_standard_seed1_held,set2_stage3_r16_standard_8k,2,q_proj,0.1657145619392395,0.2585451006889343
SFT_4k_vs_8k,set2_stage3_r16_standard_seed1_held,set2_stage3_r16_standard_8k,2,v_proj,0.23862498998641968,0.31395432353019714
SFT_4k_vs_8k,set2_stage3_r16_standard_seed1_held,set2_stage3_r16_standard_8k,3,q_proj,0.1025576964020729,0.19779473543167114
SFT_4k_vs_8k,set2_stage3_r16_standard_seed1_held,set2_stage3_r16_standard_8k,3,v_proj,0.09131429344415665,0.20106825232505798
SFT_4k_vs_8k,set2_stage3_r16_standard_seed1_held,set2_stage3_r16_standard_8k,4,q_proj,0.1975124031305313,0.26093849539756775
SFT_4k_vs_8k,set2_stage3_r16_standard_seed1_held,set2_stage3_r16_standard_8k,4,v_proj,0.3064839839935303,0.3419256806373596
SFT_4k_vs_8k,set2_stage3_r16_standard_seed1_held,set2_stage3_r16_standard_8k,5,q_proj,0.16111654043197632,0.21859800815582275
SFT_4k_vs_8k,set2_stage3_r16_standard_seed1_held,set2_stage3_r16_standard_8k,5,v_proj,0.15167471766471863,0.3243633508682251
SFT_4k_vs_8k,set2_stage3_r16_standard_seed1_held,set2_stage3_r16_standard_8k,6,q_proj,0.09864966571331024,0.21209819614887238
SFT_4k_vs_8k,set2_stage3_r16_standard_seed1_held,set2_stage3_r16_standard_8k,6,v_proj,0.3048616945743561,0.33784088492393494
SFT_4k_vs_8k,set2_stage3_r16_standard_seed1_held,set2_stage3_r16_standard_8k,7,q_proj,0.0754447802901268,0.1998424082994461
SFT_4k_vs_8k,set2_stage3_r16_standard_seed1_held,set2_stage3_r16_standard_8k,7,v_proj,0.2387952357530594,0.3284794092178345
SFT_4k_vs_8k,set2_stage3_r16_standard_seed1_held,set2_stage3_r16_standard_8k,8,q_proj,0.1916278600692749,0.20810392498970032
SFT_4k_vs_8k,set2_stage3_r16_standard_seed1_held,set2_stage3_r16_standard_8k,8,v_proj,0.31745603680610657,0.3546668291091919
SFT_4k_vs_8k,set2_stage3_r16_standard_seed1_held,set2_stage3_r16_standard_8k,9,q_proj,0.14445450901985168,0.218134343624115
SFT_4k_vs_8k,set2_stage3_r16_standard_seed1_held,set2_stage3_r16_standard_8k,9,v_proj,0.2797854542732239,0.35700395703315735
SFT_4k_vs_8k,set2_stage3_r16_standard_seed1_held,set2_stage3_r16_standard_8k,10,q_proj,0.12418579310178757,0.2686895728111267
SFT_4k_vs_8k,set2_stage3_r16_standard_seed1_held,set2_stage3_r16_standard_8k,10,v_proj,0.30838096141815186,0.3722793459892273
SFT_4k_vs_8k,set2_stage3_r16_standard_seed1_held,set2_stage3_r16_standard_8k,11,q_proj,0.07811790704727173,0.18610605597496033
SFT_4k_vs_8k,set2_stage3_r16_standard_seed1_held,set2_stage3_r16_standard_8k,11,v_proj,0.13882282376289368,0.2201511561870575
SFT_4k_vs_8k,set2_stage3_r16_standard_seed1_held,set2_stage3_r16_standard_8k,12,q_proj,0.23984526097774506,0.26609909534454346
SFT_4k_vs_8k,set2_stage3_r16_standard_seed1_held,set2_stage3_r16_standard_8k,12,v_proj,0.24221321940422058,0.3499599099159241
SFT_4k_vs_8k,set2_stage3_r16_standard_seed1_held,set2_stage3_r16_standard_8k,13,q_proj,0.06801871210336685,0.19480782747268677
SFT_4k_vs_8k,set2_stage3_r16_standard_seed1_held,set2_stage3_r16_standard_8k,13,v_proj,0.3739059567451477,0.42661863565444946
SFT_4k_vs_8k,set2_stage3_r16_standard_seed1_held,set2_stage3_r16_standard_8k,14,q_proj,0.11099496483802795,0.3023684024810791
SFT_4k_vs_8k,set2_stage3_r16_standard_seed1_held,set2_stage3_r16_standard_8k,14,v_proj,0.33525800704956055,0.47169190645217896
SFT_4k_vs_8k,set2_stage3_r16_standard_seed1_held,set2_stage3_r16_standard_8k,15,q_proj,0.22406592965126038,0.2739209532737732
SFT_4k_vs_8k,set2_stage3_r16_standard_seed1_held,set2_stage3_r16_standard_8k,15,v_proj,0.3892654478549957,0.4154677987098694
SFT_4k_vs_8k,set2_stage3_r16_standard_seed1_held,set2_stage3_r16_standard_8k,16,q_proj,0.15513092279434204,0.23937498033046722
SFT_4k_vs_8k,set2_stage3_r16_standard_seed1_held,set2_stage3_r16_standard_8k,16,v_proj,0.35129690170288086,0.3751527667045593
SFT_4k_vs_8k,set2_stage3_r16_standard_seed1_held,set2_stage3_r16_standard_8k,17,q_proj,0.2744690477848053,0.3764219582080841
SFT_4k_vs_8k,set2_stage3_r16_standard_seed1_held,set2_stage3_r16_standard_8k,17,v_proj,0.4025993347167969,0.5248067378997803
SFT_4k_vs_8k,set2_stage3_r16_standard_seed1_held,set2_stage3_r16_standard_8k,18,q_proj,0.1678069680929184,0.22484026849269867
SFT_4k_vs_8k,set2_stage3_r16_standard_seed1_held,set2_stage3_r16_standard_8k,18,v_proj,0.30645352602005005,0.389114111661911
SFT_4k_vs_8k,set2_stage3_r16_standard_seed1_held,set2_stage3_r16_standard_8k,19,q_proj,0.15544834733009338,0.28184211254119873
SFT_4k_vs_8k,set2_stage3_r16_standard_seed1_held,set2_stage3_r16_standard_8k,19,v_proj,0.353320837020874,0.4957304000854492
SFT_4k_vs_8k,set2_stage3_r16_standard_seed1_held,set2_stage3_r16_standard_8k,20,q_proj,0.3400631844997406,0.3400631844997406
SFT_4k_vs_8k,set2_stage3_r16_standard_seed1_held,set2_stage3_r16_standard_8k,20,v_proj,0.2620121240615845,0.37362006306648254
SFT_4k_vs_8k,set2_stage3_r16_standard_seed1_held,set2_stage3_r16_standard_8k,21,q_proj,0.19328123331069946,0.2853788733482361
SFT_4k_vs_8k,set2_stage3_r16_standard_seed1_held,set2_stage3_r16_standard_8k,21,v_proj,0.3734617233276367,0.4221203625202179
SFT_4k_vs_8k,set2_stage3_r16_standard_seed1_held,set2_stage3_r16_standard_8k,22,q_proj,0.2887164354324341,0.3487456142902374
SFT_4k_vs_8k,set2_stage3_r16_standard_seed1_held,set2_stage3_r16_standard_8k,22,v_proj,0.46503564715385437,0.5201897621154785
SFT_4k_vs_8k,set2_stage3_r16_standard_seed1_held,set2_stage3_r16_standard_8k,23,q_proj,0.33418500423431396,0.334423303604126
SFT_4k_vs_8k,set2_stage3_r16_standard_seed1_held,set2_stage3_r16_standard_8k,23,v_proj,0.2423773854970932,0.44434022903442383
